wind_speed,wind_direction,humidity,ndvi,land_cover,fire_area_ha,frp,spread_direction_deg,radius_6h_km,radius_12h_km,radius_24h_km
11.722362704061469,22.342718354455883,83.2048976604854,0.6804547988421834,40.0,10.406937939938704,55.5054579618106,29.929501680140675,1.576483086108992,2.3798279610999042,4.267091454374029
6.8637373764047585,164.97433495314502,53.47921191077821,0.5158671908658315,60.0,228.05585853101076,154.51395503417717,137.72934535579583,2.343421407908748,3.291284496994881,5.848507888086407
12.949669838715046,46.45082058553503,91.47313711700775,0.2713983230356012,20.0,309.4188452838003,38.25123956671871,71.56236790392268,0.1,0.2,0.3042213638517378
10.611836421360776,54.83761565672725,68.80959422883026,0.6219725004622099,30.0,230.73739795941867,189.68441878739586,55.442546953846325,2.269666492816654,4.504169775669905,7.035367295011239
1.8655715443709182,227.62181269087566,28.692414898943706,0.15913662697395037,90.0,66.19198275682545,263.09522581416593,222.73807430884227,0.8707174730551308,1.397625171755294,2.2346453205909937
14.64652409873296,141.45386096528398,86.38197411701006,0.6420924841141482,90.0,199.33956776163345,111.94307013210204,124.57675946119721,1.2352482504544908,2.1031125826712254,3.0232638337178597
11.536525678860118,331.8668820557982,56.69488931230983,0.5129896555701096,30.0,206.41619186973833,54.70535219509431,344.31205702120235,2.794076308098349,5.162227732068859,8.451783625341704
11.89793242651583,114.89633805890522,30.62292259796787,0.17752522287748113,20.0,94.67024530242962,123.00737375640183,98.80638166805699,2.363925365737402,4.091122851147293,6.747411077839315
2.357647673795415,261.4248462182044,31.451760038106556,0.15565389416465916,20.0,378.39725012100575,236.86021232793496,241.71728613680676,1.2839048356285525,2.3702872091393647,3.7036644186703565
7.030596099485724,165.99579485576675,71.56504513324039,0.6255854334055237,40.0,161.3789393910959,179.4888638534807,189.76279326787372,1.15692969812268,2.0789812885234262,2.8562507426955848
5.876571351372428,237.58246840654036,23.552938004711734,0.30505513455268607,40.0,294.9046579937395,34.83724793164292,244.6748916220408,2.5083927846649696,4.427658956073736,7.790877581280224
13.938092338304726,215.89032841775654,41.494532368536,0.7225112955370495,20.0,258.349360298425,163.47021052647483,211.1917398527911,8.713737738578127,15.595754953767592,21.171588896346986
9.836044241169636,170.20223019323936,30.48406928524011,0.6334511147211233,10.0,438.836112528978,143.0851875294,183.0308898879137,7.689521831147719,14.452445648932377,23.33471762966688
12.430043392427034,342.02199406479735,53.08080722129632,0.5887331713024013,30.0,61.885450999556255,101.49811552624263,342.20063152701135,4.460432243169097,8.145261498151983,11.008681736029558
6.929505882996302,123.3769113917841,51.076532899577096,0.2950242368434157,60.0,58.01724111847661,37.497375835730374,131.03717440081778,1.6093824480590173,3.0176966234003775,4.143449418733901
3.7949614658792648,63.804780449738125,59.14073260166419,0.5962611633151326,10.0,150.85951489238488,294.4280210079811,47.467822402229025,2.602570860501637,3.870956107155038,5.0719943953618305
8.541479411729604,244.1138619167382,40.972724682689766,0.7637033791603839,30.0,216.17626909479168,56.9327793685104,285.52183409495063,4.5869893745760555,8.286874451230004,12.278513058102593
1.4253502135105423,304.56272207084714,22.40326920336329,0.16409188405939826,10.0,149.97258212731762,61.85915278326991,292.97032271732263,0.532156533212954,0.980345761957218,1.5879555187708205
12.50065199389244,14.491346378372555,66.07895799013893,0.32831384940249625,20.0,381.83035411522667,47.946894170159574,45.6116729173721,1.4259177743641223,2.2529213647956703,3.5162968318953087
9.65913378726994,161.86776783216501,48.02885021617635,0.2642705858231159,40.0,123.38765571154053,173.20694641618675,158.09039084607548,1.7795635218819963,3.4252084764517567,5.607989628664727
11.492272231237921,321.29556828743745,68.85012490550348,0.37527509408046666,20.0,43.30259664335012,135.88252447239663,337.4375106005367,1.5508471256553864,2.4547226443990433,4.019631479306944
5.640626537883091,269.8627028122323,28.150022810320134,0.6196328583977625,20.0,207.48610513218964,78.619368697834,284.5471727927551,4.292963290937986,6.638206009894128,9.094918907768324
14.575121353726097,357.05077793914614,21.033301647053776,0.43196980699777066,90.0,386.9162647811035,131.6798979913508,19.98781304214708,7.981307666325976,15.326170609361231,20.363403205739093
13.450256259171866,191.30897217500777,38.62206859139695,0.4995114242841724,20.0,425.4304098497839,203.68894606320677,174.49649803172488,6.955325799073195,10.768318190462914,17.365841367200147
11.786560707569548,237.59845876841445,54.24104922455392,0.3199084216548397,20.0,366.93907933331207,88.1016567920959,259.1111667939917,1.9225837924786335,3.1709202894738913,5.157857477427798
3.32226126385353,108.89290120965413,49.55539806263505,0.1989024869609704,90.0,279.3854525713723,274.9975039289622,145.82169822788293,0.9742895909835927,1.5790834575310886,2.4923493242444326
7.267454554041995,341.11281587975725,80.77269164550998,0.28685355425641,40.0,362.37165917283914,95.37213996742321,335.9389562949201,0.2543157368190652,0.49307678401447913,0.7015897024820926
1.1351546039148173,131.88077588035307,48.3378233144618,0.7017762108693909,10.0,341.0133781166268,63.46281409274171,132.5748972231955,1.440692678590581,2.410482627137362,4.110795150390059
2.7371976349794434,265.8638565671863,59.783088470230915,0.5216918735073873,30.0,117.94894961503536,286.59751482748027,255.39492371758323,1.9869807996630673,3.6095202312247694,4.828971402669467
10.404209822015591,145.1304734828695,64.51366943316441,0.3645920712380636,40.0,275.82868720939365,244.11537998486293,138.2017484391675,1.9711711110687824,3.6987514854354644,5.977759016071471
11.299051260663349,202.25481482267975,21.63735437343587,0.6529341872149114,20.0,385.5340569865776,106.22559932882234,236.48327080132955,9.643919919104894,17.13475899653384,23.30679801934176
14.528891120296045,259.12171260775665,58.63500326346417,0.14512020271843615,40.0,159.24321027569397,253.2223960874434,239.03702208515256,1.3591760647670306,2.6724346754191757,4.348649463367458
5.224467693003203,183.21629463048754,45.862344454912844,0.27772376154567,40.0,327.3326002117488,158.050203500371,164.3739181934721,1.9372559074515083,3.644955741527421,5.499738468341307
5.871665737505599,326.55107768742306,51.5960095762441,0.2610722078401375,20.0,241.25873333188045,107.29198698701353,358.7690964157106,1.3289790216278763,2.1796903577768254,3.616218618023658
7.308559263499215,150.9483556540117,27.52155488714377,0.7897551935177555,60.0,252.07626662156497,252.68541891406824,163.43932417177894,10.395455156015592,20.48411034545809,27.16389886645053
3.2473347067221425,232.94584733159707,78.71154242364838,0.5942690076749322,30.0,45.93746385329771,226.8886947250099,275.3532523124476,1.0399302632880216,1.7832151152901072,2.8130958375264377
2.383861827364339,123.25047598801947,90.68031881063919,0.5324501554719879,90.0,333.4423654873845,92.87307857971622,114.24170323150241,0.1,0.2,0.3
7.3977214302760395,146.93640056316468,21.67016154722,0.10348947570613104,10.0,432.97783064190554,183.97016200110227,149.46202330791607,1.068389641853699,1.6624227954305169,2.7283530238458322
3.7901855612378195,158.41803896407887,65.10295721085109,0.2290170014629002,20.0,71.57421272490554,113.97011593834019,145.2045000886428,0.4190210356079831,0.7429401151082637,1.0103820749080359
10.2123029228964,45.29052659242269,77.28830504662685,0.5448789050811549,60.0,183.68672544600824,5.3103319053145,48.156549965376605,0.7751638497964621,1.1581637357498067,1.5482236245741923
6.838702823648796,33.02052446124241,41.3605691487417,0.365803528537166,90.0,25.28505996557667,288.7356437130824,357.53859051555634,3.174852000132103,5.557390560510404,9.206158682218712
12.573833842838642,240.29637233283285,79.06666886474126,0.7469962685753426,20.0,15.78631110221916,167.14057744148684,253.995463465933,1.4203833226995046,2.29670133202335,3.0586686710048516
10.653843979032612,235.98638580349882,67.4266288074726,0.6353069533992306,90.0,494.83958983920013,181.53761749140602,242.4558674733456,2.3651380418396193,4.069530515310998,5.747257177504318
5.0293163000395955,238.64749711563428,89.68719742033025,0.413168850962884,20.0,247.24228264488593,181.967970574802,237.49640386631592,0.18560968143630155,0.26006234796071975,0.4453223382541104
12.567767120230416,7.115920323369003,93.57536085153296,0.6246604842767893,30.0,178.40399029898794,167.43923094172382,359.3086338313757,0.38384325826541515,0.7327770518663755,1.2492706729894816
12.169083183703627,117.55686336184077,23.17595854990286,0.7827830266783551,20.0,138.16366123588443,90.56411420821007,99.66178361447878,11.503786356563237,18.603408992207303,32.12925709125688
6.118436495937529,71.2115450133109,53.370332077025466,0.42268657729102943,30.0,490.0263098275346,291.6149568478766,85.76580325396611,2.7476972411553224,4.07784390353156,5.966089297941854
4.68075750698854,280.1345121158445,61.02408406836636,0.5497681215219734,90.0,126.87314197532015,188.39218169200905,256.71271240177634,1.7795653552769295,2.958971429979289,4.627902374337451
10.396184807637145,309.82694450260686,31.005742490573937,0.7430652305429066,60.0,363.12848947313387,202.92180136341864,320.06486274359173,10.393319925372994,17.58244558653104,29.655848135833104
2.526411012334992,88.80493580141304,45.22143728205213,0.2740722634253213,60.0,142.59528980716098,139.1638634085297,130.29396369760218,0.9592014628802324,1.709720615443387,2.33974027959219
3.3986689358890705,240.42569718527508,94.07355858173463,0.7205905395663948,20.0,36.17426317310264,89.91911314478085,270.13612695816107,0.3527523170590281,0.6048776136484822,1.0054248109273918
0.60675291138958,46.5706092449788,21.217284225685358,0.16828129474108788,90.0,341.95503064445273,23.98294974160416,16.468050391565733,0.2806580392201104,0.400250400829821,0.5398349962890905
11.910403473781006,99.05490921661679,53.938094864328804,0.5539137194113526,30.0,1.8137929673025717,108.31790798752644,88.32014800975074,3.4011291631950824,6.5400564132946455,11.488428587230732
10.140337420584466,49.91561864403103,83.19909662886471,0.647986708539049,40.0,338.19850726872414,56.948741634175676,58.34463345513778,0.8698594154545307,1.45606233716873,2.356862715244003
10.724897990081859,102.06747597572252,44.292594703946634,0.5302243534766983,60.0,125.93792289592173,200.3160391358185,100.66183753543551,4.869088893319405,7.041640635544291,10.890972193990612
11.820570949818535,242.90515704574005,55.9848877066365,0.4468743629067802,40.0,373.3060118036791,264.30614601680224,214.91704268009164,3.6025028866152713,6.713973613033888,10.355395409594516
7.1542787453059296,327.7176876666909,93.3534309340985,0.5321429699479803,40.0,385.105333507974,94.31268318246742,335.4240066961607,0.1,0.2,0.3
8.74674734131696,72.90806685270695,55.61576273567779,0.20616459614561122,30.0,362.32951216995144,103.20037449714374,72.70772895038097,1.158050854702408,2.0725203772822267,3.0527368921009925
2.527056472851033,195.1484525822589,29.81909841098743,0.2508994972311529,40.0,13.217237292337584,202.75752862955844,233.43496075433453,1.3119124461018825,2.172721699917861,3.614456892972411
2.160686066271615,252.50079644763562,23.87911187497933,0.2889295407694394,90.0,352.16457320224043,49.03507310116472,247.43622239528668,1.006417381353897,1.6568631611853448,2.6020568883768727
10.191842945961838,343.05208865480364,90.90624293299614,0.5184455384410267,30.0,495.0826614138258,279.18404086992126,6.412156361335462,0.6820224004186126,1.1743083391217422,1.8373851855701717
7.330894989075421,219.6217738393826,39.93570599562993,0.4093307516215494,40.0,122.07005889428582,112.3348004025175,194.28000577678307,3.1989395297480816,4.575624422091717,6.39499769041718
8.695923543977237,91.83849516985705,57.80479299234132,0.2711330897400877,20.0,137.84504754044394,34.85383654839852,71.27830921192688,0.8471423094022072,1.337955095639064,2.2011785108885817
11.59248343253237,225.17213648901705,26.802632456747645,0.7179665325012061,30.0,406.9497482406892,56.53178145158925,239.60537568520684,8.987182573696456,17.909086783952652,26.792297397318062
9.703415640008567,115.37681820408582,51.77413404129538,0.3617452882052564,60.0,81.0380057229842,280.16009242220014,137.05143381623333,3.1090880670194756,5.58801215343808,7.7750297376074595
8.52690130954094,351.4062206490148,89.7579139437593,0.41222220346092386,40.0,330.6312540767712,77.9001900688609,332.258366127527,0.7483076912430024,1.2357257626039535,2.189573057335318
8.608503830808496,143.88340865890927,57.680974522320376,0.38679075358429627,20.0,377.75816237278866,200.36929713022948,144.3649567885875,1.750611448528064,2.6844188641819584,4.1699745816514495
4.907276421907877,246.7539794739651,92.8351363851746,0.22736006869372685,40.0,19.54317024785923,51.06874094378821,219.12239600338356,0.1,0.2,0.31280366475123655
0.9468586012351214,8.361929644833053,39.412672792804976,0.6121389108011633,60.0,277.32728503834784,62.25999924288943,4.737533118723465,1.936527383096752,3.013573923715917,5.396364499876001
6.832402143869254,144.02212060851193,57.840892977795285,0.4139207835882006,10.0,288.36275200940554,264.3752745754934,160.76057632099446,2.2239286673172245,3.3301598514395447,4.939303310534522
3.611477755883173,315.0387407961042,84.4648093856994,0.11137997692490292,10.0,152.4180057985053,48.669799930255735,306.33957081338133,0.1,0.2,0.354302068456245
6.423665334007224,219.6818799959685,53.61892659153079,0.7748095916518579,30.0,438.29599002936106,10.531423087202352,214.70118587709246,2.29573235730535,4.218541284411338,6.9498893325019795
12.874344562388409,159.81943910255148,40.96155301776422,0.6710345281167895,40.0,82.21210993062833,152.8637909102515,137.22353113663044,6.862396465281215,12.254086341520148,19.809316517023248
3.8921225450474406,336.93749979686135,84.16065225634112,0.6064915478642623,20.0,182.7331600434244,259.50440991256573,323.97033152436285,0.7725412830451688,1.1139146524068135,1.5786500387918845
1.3453897544914573,307.4343754130025,49.241710165445674,0.7083643093629703,60.0,424.48567488651736,101.16735839760929,342.59659373728925,1.7401949774928274,2.556391126183922,3.3894623348500135
4.58006643431895,115.99764257625777,59.80424682951756,0.7347650775238852,90.0,96.13073554639026,42.8078698404846,117.45614041060043,1.3320081540693487,2.3713849331448547,3.601877412130162
4.757109487616912,196.03742473488225,93.23952998113592,0.3362427944691071,40.0,410.8656940275098,294.75809472186313,175.99126940187028,0.1,0.2,0.3
10.097789463539979,176.33673219328657,33.98624710668979,0.5276710748916891,30.0,40.4555195066099,204.63789569937694,170.04129319492674,6.835102269261711,12.382467417521665,16.536800780866418
8.576966208948535,227.59290004135045,42.605047754013924,0.5261654664439159,10.0,245.12530452780504,255.95373642470614,195.6443476180192,4.655760602051748,7.015408763986433,11.20826166284932
11.866524032042996,120.28005610515201,22.330220005237997,0.2871097681674179,60.0,38.590000560406004,226.8807903370325,99.99686226234778,4.929642031589141,9.050589813504295,15.044215453846347
10.132546334747119,87.91380027571977,49.387828243253956,0.2553665760129471,90.0,339.2738889456956,210.9814708268111,115.12059505664882,2.0686352050878,4.057954551729899,5.61610426624265
6.392609490881022,328.561860691993,35.013757293864465,0.17973507837331548,30.0,395.5101430387445,118.44639980362149,325.7122122042609,1.1143327023378986,1.9619277960154513,3.2690625949288195
12.303295577657503,332.59481981946226,71.00262015559186,0.561519937141517,40.0,425.0794155751546,100.68029799507362,10.409423341486388,1.945238120549467,2.952245123245209,5.239830380210963
2.921107338661707,303.59623887431246,33.59910940743893,0.6466432937215459,60.0,490.6498631212504,216.50278578886986,301.68928210439134,4.063711822083165,7.346078789921628,12.279617448798016
0.829325060440977,352.1535950752421,70.61095643044023,0.6326670856619027,60.0,336.33584542749384,216.4303374122829,351.4340211514122,1.04681175728399,1.681021624224469,2.844889737973651
1.8056939812468054,268.1969492806879,39.76065711419882,0.321392764029482,10.0,384.76189500617016,285.42357329448254,281.01483245153037,1.9907788624548122,2.8459630096463737,4.6968529544591116
10.97421058364853,275.28020228231986,46.64133755908998,0.24368189532564158,60.0,253.37338088234335,172.75464626525508,221.82845063793184,2.357050517244931,3.7274472711011613,5.264529932000171
7.197219838645117,274.5324331065507,46.16454890347981,0.4175299249182354,90.0,456.455713689382,91.91322620736369,278.63121957962215,2.424011790904693,4.710705886143419,6.973940839368172
2.8384407959872258,173.01874713923036,73.75638126227071,0.4827694221683575,60.0,322.2354327175318,149.41099580249085,172.03901737801132,0.7393468547274711,1.2174703345545983,2.160563618293476
7.765149238998771,164.3227900251378,54.98819473537573,0.743360989577989,30.0,441.8921517194204,186.04557593414617,194.04356789544076,3.776516848995918,7.246377519284588,11.81598151255107
2.708525489340942,86.48145941364113,47.097417413951234,0.7123762079918379,40.0,118.49055648992655,130.88529087518918,105.77504729691347,2.6217235424899803,4.470551465098693,7.575404744772338
10.596645438627172,232.13490996934456,83.94670392795874,0.7412408319112794,20.0,248.8721525783141,238.38427139106673,209.46107625840855,1.2888018772112628,2.2040919496845897,3.9328655401391344
6.969265995823445,104.15524899684043,62.896296923090205,0.6951836695951857,40.0,365.1796416108382,177.46089760367212,128.99802136939203,2.683447454698944,3.7652250706692114,5.330498639566358
6.024807778398996,92.81102749284759,36.037311595849836,0.7752068431054179,20.0,102.15815552677896,7.783539650156912,87.56473698122768,4.063207443686879,7.241702028956219,10.578992133376516
4.871925292644209,210.9460946745797,87.5068458607762,0.4258499980183402,30.0,106.45855683772716,173.1027670284425,192.85703014865882,0.11042185604480301,0.2,0.32448016528345
9.639097600223883,147.59365976101554,45.698772202523045,0.13323144820316607,20.0,489.04332746241306,191.913116852849,151.5357247784396,1.5673636744574193,2.6445328688664245,3.4700997995385316
5.746282853024161,78.78837916606759,22.923453315299028,0.15849342250393478,30.0,217.8705700078658,275.00206920550085,74.73299205279122,2.5232781702157028,3.9267005418347476,6.2262138346214755
1.7709238300834644,293.7801660310192,57.09501679808397,0.37319329924064026,30.0,91.72591100896206,127.04789373093563,324.5494723115896,1.010821228174337,1.653127138304638,2.8174976330995385
2.211085580747472,309.80517094597536,29.295354083065835,0.2803809638910981,10.0,166.4004771087715,174.4679594850507,316.6176115157996,1.3834530288407225,2.3826470170284124,3.824676663990342
14.44751613596796,60.37182708400115,37.88498327868069,0.21895841395274712,60.0,199.29069798469686,145.12424796074032,64.48500550172126,2.284089571790455,3.2175478005031652,4.658033146095784
13.674420015260303,2.7025318079999527,76.03331545155584,0.7672426421560541,30.0,311.91954347764033,161.8386463983212,20.71547346510875,2.8945123864282527,4.546555765051862,7.556612291862004
10.645753440255868,121.00678867057454,29.806386003223892,0.23679371188743573,90.0,461.5843148648285,24.854700847353957,142.8642210324288,2.4344082357627927,4.853643195897468,6.664128855423543
4.355114441163034,287.10390084507094,80.52081682655268,0.7715654906206617,20.0,493.3084478851234,269.69868192226494,302.77600273101694,1.0125455985756784,1.4524353773329692,2.5379663112723962
14.553057471541996,302.1025918443568,90.26804660982152,0.6325871882248449,60.0,326.19768069664514,273.57164025032955,330.4918613006559,1.1911698561861574,1.8959089358737449,2.5603444711926566
11.791888107504022,49.79846524177772,65.48990753059584,0.5486619704876565,20.0,350.2612580380646,166.67758490357664,61.97211350005349,2.465420477891142,3.92705212089469,6.800655101270862
10.894907742805437,278.76092442589845,73.2769394017122,0.5732132720625649,40.0,161.59275567859794,169.18387713767893,282.1139537204325,1.7687530036448114,2.8788781974169617,4.459108010631278
7.015741781084936,41.6535002313946,73.51899574305631,0.33203202656138686,30.0,428.7221391289258,21.979030603466587,66.43694147315519,0.7001150433916747,1.2678163142057768,1.9198840404961377
4.447502646754806,140.42253245635052,94.46059679528337,0.5524989266407976,30.0,109.68136927493713,181.39540137032824,138.60460965470776,0.1,0.2,0.31006617605754316
1.8976689512257399,359.4994254042897,45.61536966512172,0.23068448279688572,40.0,54.08394400617282,131.59977801435292,0.16435573118292268,0.6918112954294463,1.1595875323291593,1.6235421585080392
13.587734749885705,69.33269636312754,32.21424134320269,0.7563938027751856,60.0,486.6547390587278,214.167870919159,103.76423470906583,12.528774077161907,22.38789367183895,34.22756981853899
7.108756202587361,55.426889727945515,58.93754261857411,0.3112553379724155,20.0,432.20519973344557,18.901850395693856,87.86537228705015,1.00451531980537,1.6005879150288784,2.7607899237815205
3.4342687895308397,152.20811971684566,59.99373573737812,0.27863055860547953,90.0,152.51892213452854,214.7118664051995,152.0446035783792,1.3162103231149846,2.5919650112090746,4.407578496259605
4.936371050184461,223.08066934915013,33.34343662221084,0.5978139587359103,20.0,337.9101874741435,89.6336780305326,214.0096378030378,3.898873541166298,7.750194786862432,10.70708217393129
8.898683749657492,335.84428166877115,65.98320642456046,0.5595141026463274,20.0,234.04216034918656,197.25307248366684,5.107751672941106,2.361287875596934,3.475353272481677,5.688147154275503
3.06320535261886,353.0956123918923,21.0593550107618,0.4159092428403137,20.0,162.24097486658997,190.0021627170763,9.103979550196584,2.8271520205016434,4.541231477225736,7.849149099653956
12.920907119339445,25.070629172902066,89.57513018406662,0.5427123642835505,90.0,144.10033116938715,71.9182379665086,31.382254256849325,0.20500226353902035,0.312584015992562,0.5344823433058336
11.498533182610547,49.67910624524592,39.84307083659462,0.21164515023259933,10.0,68.87769516523234,134.9334418387987,43.241652041447026,2.4538468834462988,3.7103974769756314,5.613149491932739
10.932212861288583,284.6656706025578,22.967015629264385,0.5713298151813686,30.0,275.10972305564377,251.51181142073074,291.29960217684965,9.804256447844715,16.6141743744565,21.997938104630084
6.765349076739004,97.42757481750976,28.11870811061428,0.28942748663663576,30.0,223.85174836863638,183.64953486045832,96.9934056197557,2.97362482938935,5.169040934084692,9.126379646269767
9.595978190185427,318.5456614222898,38.018671120973124,0.2909851836735201,60.0,256.5810237296722,25.277799083631383,305.2588978308299,2.3049452590595405,3.81558615447403,5.715528884212346
8.969420549234666,238.84317260247124,40.54296264545339,0.2135259544606492,30.0,108.46322657222284,135.65810523964475,241.42401917421594,2.2730822686823395,3.554038965723621,5.26171317270317
9.92277572254489,40.26412885704379,22.46074996232965,0.33266399452531525,90.0,469.3667247158506,96.97258033948552,45.572609769835935,4.1602537459853215,6.51983711318007,10.951745108648025
1.724442656528392,299.71054257264257,40.95161091452969,0.3318757422179297,60.0,319.6570069689402,194.28547527893164,292.20264123423794,1.307196917763018,2.608219805664931,3.7349345276601826
6.52920733147384,63.48829680290731,34.47063023701116,0.4179253081915886,60.0,449.90072803428507,186.29636268210194,81.56481057509765,3.7595929410294016,7.347020678466554,12.617582008415072
1.103405520997441,152.45834208467537,48.39656955758889,0.23329365326644466,60.0,55.52631185034497,8.067439945491458,178.23498993089515,0.27555229057072045,0.39832166649077677,0.532964658660397
7.6628668790455245,198.7865742813588,48.88758030169769,0.23510527531113642,10.0,311.80263196223126,184.27017527844657,218.18452815446707,1.5439312622937083,2.769705213348873,4.626392614458331
5.282987578825387,180.27581366890018,45.42558054521593,0.47921700016425994,30.0,424.8814475034364,221.78064792555634,174.75084596462028,3.473447703406306,5.814991070642428,10.36751702335406
2.59560073855768,247.01864962145416,44.594291264802806,0.19021418326933262,40.0,166.12946912741887,231.77535955846474,262.1350797052216,0.7544057541976186,1.3679552469763572,2.4594253962989443
1.999343031976999,234.96722455293187,26.729845830593842,0.5822279055921846,20.0,98.37644139885721,22.39785226503854,236.52645250213268,1.4716242248726163,2.5873750161639792,4.558701681539861
9.020846296576824,357.1351219900998,21.890371034462163,0.7607629881038176,10.0,133.2456315970042,94.57923304741135,332.4202024187807,9.378628636709657,18.13406090619897,31.46950842529183
2.9735980437848486,359.79188732070764,35.158572511734995,0.39875693516506483,10.0,137.1939296481497,129.27570036269952,13.246474890662569,1.8453902996485518,2.657718170735016,3.8256261419555053
13.91424171646356,185.92538494883073,76.74870705624615,0.7307737192054737,60.0,224.15228349684406,58.03265379949898,188.84801776796968,2.2918100425366355,3.689261262973503,6.57914882144893
8.925386525655727,34.271671305911035,94.31073241633416,0.16882161378810512,40.0,163.65583778688645,129.1164919936779,86.1426313472972,0.1140267603650553,0.22706108602366676,0.4005240159853409
5.529612165755138,262.0235876287386,89.63946312929968,0.13007033916295122,20.0,136.36576228128766,25.98321306854974,291.1690048943098,0.2902672035096021,0.4381209600088099,0.6866171459015475
9.068274626480543,351.5990681579721,57.81645166533265,0.604958214259688,60.0,324.6076369041638,38.39909848708022,5.822071296662614,2.5746091975647185,3.8011531832974246,5.7056785162523
0.8306561299306137,114.59749954644732,59.886789183345066,0.6327151010870476,60.0,27.463153464270345,202.26495503880872,119.58090957221091,1.549162984571132,2.8464060474903787,3.8558373473978382
14.399108592000957,166.03519890152657,43.59361767768819,0.6901407686760259,60.0,170.84152529172525,82.45887604224572,169.30964400268692,7.083180164882645,13.220480213786539,21.090857347660062
7.4933998356720535,152.91969293356414,78.04545789782422,0.139772374879987,90.0,345.1862310042969,214.8647250064739,132.84590486090198,0.11376879105237742,0.20516655673859172,0.3385808238079043
11.84966079512915,18.510895640494567,77.35675159494865,0.6438349384697813,90.0,88.74902489122196,19.192015764917056,343.7311510964964,1.7600951839120915,3.2838403814607275,4.932322642810777
1.6995849988753593,242.01519524044014,83.32042681868334,0.3635771129576073,20.0,111.24300324424328,170.99740064783336,224.56401305880883,0.4483481529302278,0.8143046853998154,1.2239119778358953
7.556545797153325,127.2015702246484,87.16284328976633,0.3123363428775391,60.0,101.13264608104582,120.47735575811788,126.2472298612398,0.1,0.2,0.3173311390714304
7.615251418140553,283.4869948673408,52.57619361689718,0.22111674494030786,30.0,1.4621272589710546,240.10656061506225,241.37620930316112,1.5382200413685805,2.7148555252964117,3.567027086029797
14.098483597137252,299.563227101515,77.51566760803982,0.797211028571769,30.0,237.4101081639548,236.26571616064075,288.67679125606,2.0603410675764184,3.844856054718946,6.8397411168003215
8.790056759453092,295.6430831752244,80.4799046596909,0.14456451252320454,40.0,20.44043591864547,115.79009452496491,290.69082251273585,0.1,0.2,0.3
7.36559631532583,149.99975929435686,43.13447168733126,0.6789056102255996,40.0,137.19696607567516,188.70063415587572,145.69122822464772,5.6057611044463735,8.676267113813068,11.890350623258048
4.371147114832457,115.75644560672383,89.69316830046125,0.5476461048433693,30.0,497.4069088713938,72.12691630174899,102.52197364296093,0.1866428765112652,0.2755704533823242,0.3589978093025969
5.307750461467006,269.5754806801397,27.075612697974158,0.614556310983307,90.0,459.27970948375963,176.22001667322397,262.7452043925117,5.743135774194209,10.731935165524094,18.549567948200064
8.049749835837298,288.5001961833803,94.57018843724622,0.5982019839452576,20.0,108.32282827001077,28.97308471451912,322.9780727458575,0.1,0.2,0.34632073757996695
6.864216174423177,176.85268070089182,77.75680386191522,0.7009041395512278,10.0,155.69121352505243,133.20826381498998,190.0955863307039,1.1070645616888788,1.571099182717791,2.1172970017658193
0.8133751582647912,321.4911670330691,26.995317899324544,0.22865444889927583,10.0,232.38858655200718,58.9046660537422,310.2851514951061,0.6021560907776436,1.141162951214953,1.5703779038301358
12.481232900818188,51.80713058828098,69.21722360787504,0.10057723178427977,60.0,422.3623597829625,265.5974487169992,50.44017482104171,0.6497035049511767,1.1068314347983286,1.6867569998740313
13.494331191676617,316.4647606772256,22.563455819619513,0.5189699423302864,30.0,401.52032475515244,136.24574130021537,315.89849396418026,9.521004018573153,15.195330845872501,21.16484827423517
2.5336117904798563,34.59428386987726,77.76402120831372,0.3477010475263338,30.0,63.994476846574806,179.27825584807277,19.235175195074238,0.3548563685896492,0.49923233049272675,0.8326748801249557
8.533524081316216,55.269187939661,79.94171912442914,0.18665113178199638,40.0,63.099975325827714,111.31264879735306,39.88658358478391,0.2669088143629117,0.3793298639369581,0.5041369275387892
2.0743482464639316,192.18240477862574,65.18076898185858,0.23029712787296722,30.0,208.94939469312828,90.17860539574185,212.39288518516,0.1,0.2,0.3149709332385866
10.247481349077269,24.306652867469406,84.26452939374279,0.3322245187214561,40.0,435.1775994172723,64.8613360031524,15.910965317133085,0.37370897889485793,0.6329970621902145,0.9440491489214266
4.577889865665621,19.010556504039727,27.34124601611448,0.14916335962069227,10.0,441.16041454865564,274.0021168867708,357.1166287634223,1.2420140363680605,1.850393782983281,2.835678959300305
10.061628203032576,0.1867478996539873,40.694288153060995,0.1398392414899156,10.0,54.57555899357856,240.84240581595103,359.32394101826515,1.000729969598027,1.6162823527118164,2.44443077528543
11.041421907159798,157.07399748993473,51.06331411945029,0.741218378382711,90.0,287.57434669481023,44.31203760715411,159.4341925525172,4.325113936826724,6.484137670023656,8.92593158352224
11.645388632806027,278.86459726520275,23.18434646210737,0.3184719245475873,30.0,78.68192336543135,225.28383850608049,239.41051278132605,6.17006349050714,9.055980696728021,12.770207345146886
2.0622437163605003,12.541806100769639,53.61620656783746,0.7875614882315095,20.0,343.3785256913886,128.4665792258127,11.72687894442578,1.89951949771892,2.974238552452143,3.9628868964853363
13.782171754495314,234.81273832770793,39.89100920844245,0.77505690583128,30.0,458.3001907165243,9.542013213368108,252.17233701467313,7.737721533225124,13.383976618749806,18.170659326515693
3.838102867975772,296.3258342698271,49.45512590763147,0.19979989762897968,30.0,227.9298769453212,160.8683595109855,305.3504219802638,0.697232611768332,1.0639797298677807,1.903403783326304
1.0424820645546067,60.4803054880336,51.88269739942298,0.6004470120273336,20.0,42.4583045713337,43.363699825035496,105.07620779193303,0.10586419717973472,0.2,0.3
8.54536080617651,52.870944535705526,85.95588001157638,0.5205634223889485,20.0,290.0478437513782,66.93062236261042,77.89313418194911,0.7911846039009238,1.3345373797303592,1.9397671230397282
5.878373116005362,309.888350503393,40.275572789572934,0.5834529511736076,60.0,204.8498183977915,210.33208362010743,338.86703099841003,3.890322823609908,6.426882721617351,8.763396277533749
12.53195127541999,296.3248595820341,87.0307346537204,0.16733370001013237,10.0,405.63847741464616,80.85690095665285,352.32657830032065,0.1,0.2,0.33551642044967517
12.219646344932377,194.0190358551073,51.94782236096369,0.23199205504419065,20.0,170.83188749926748,268.1070195433359,209.18216109059924,2.1898241582668976,3.116819166147387,5.492057927516116
5.098513945929373,294.91195654583294,44.58557905204895,0.15364706301561706,30.0,437.573703035822,198.8650787351301,298.173360704487,1.0332230924987045,1.4684943948067362,2.48891483173775
14.317041228511302,33.39218787281811,57.68840370013595,0.5228939436519499,40.0,137.57650340975766,250.52362804868866,52.86699374144475,4.265445427429084,6.867825293137861,11.031842125261537
4.71830865303172,142.0133464579516,51.33074647721297,0.7906137530943638,90.0,79.60130030845428,186.4809138074043,130.82861779005174,3.247423567975738,5.946945881497262,10.149155715040605
7.968328373859861,265.60712019829424,39.302923479135956,0.5703891763605591,90.0,153.93370828197138,261.3106293514947,267.7608465881936,5.68762424675808,8.410592437202157,12.633678038359587
4.2114938132302395,92.68270535662681,57.70094935970502,0.5975330745153508,20.0,18.42298011955051,111.6969791315343,79.72815249506054,1.518220947195664,2.842395144688501,4.916629242572029
14.072631765709968,270.838409196079,31.385129980912346,0.7892095290802968,40.0,141.34173747024641,166.99647018124602,278.79810034733663,12.270168093428255,22.447101776056925,38.14344925283809
2.886813354939263,181.504297580693,46.39474572672246,0.5746080879202573,10.0,330.3986993071333,157.1876681310784,168.46611582029658,2.6113561561353276,3.662077334109941,4.763858424663159
1.1512039811887704,270.0957556613639,62.43426645305679,0.12812710083992923,40.0,71.99920629973957,271.61825888300126,256.35718566412953,0.1,0.2,0.3087794134917517
6.80890737004405,167.28466962863865,51.0056183292394,0.7069039205996184,10.0,56.571121420507396,53.65004553954099,175.55413549074873,3.070950749410657,4.6586934888248495,6.672685295480013
14.889445678809636,132.44556247985435,81.79342707880974,0.3552748032651575,10.0,67.06026033592084,175.52792514007427,129.691333664243,0.9546859252757977,1.3687070017223057,1.8383329004446969
13.429320360696252,78.90811793230763,39.254132115137466,0.10305453506030077,60.0,39.698285456471716,227.5572022969592,40.35769521797269,1.7019374107329985,2.9253000003029435,5.040578642447034
11.354816282125764,75.01656291660541,92.73286841232576,0.4550639242925745,20.0,437.44307050962686,114.1646793574298,45.905424490363615,0.24709292983604525,0.3518050714515467,0.45874496251379754
13.41649111773861,270.53669180570256,78.85415156385136,0.7559105006133846,30.0,472.11344263276754,260.936549761713,247.59136197647328,2.6561220344185252,4.997726025866274,8.321622402306025
13.454976275619016,42.80772529222578,92.56947694981042,0.2801314810364883,10.0,24.23401471266435,115.03935628793155,25.148287169946297,0.15657413271860937,0.26551485085107007,0.4763591479157763
8.02344622560351,30.953646039940246,82.8602416122728,0.44405922113698804,60.0,380.2758189902266,56.12608416929525,39.24211262951301,0.6441354903258792,1.1831304322030958,1.8232156893208165
5.080971251546498,63.46489140796686,30.6577944388732,0.22164382144767353,60.0,368.8387216118817,177.29426484448436,67.84366834939958,1.4103840361398883,2.6098049868334843,3.8771791760614605
11.694180265609326,63.12474412341188,59.48450679762603,0.14038487016650808,40.0,498.45780288041016,129.06756296100718,84.43033155739586,0.1,0.2,0.3205832954474714
10.094088315932536,296.3187442104839,32.748389089683926,0.15638146269917924,90.0,174.587460198813,9.48108088119134,311.3747806693193,1.4721490865579432,2.8783719889878228,4.8999934290343745
5.918037068668796,143.46238445071646,81.3670514470443,0.6089076341729488,30.0,143.4689868535177,25.60238478558345,164.9004435743696,0.6740735314826968,1.344200001346259,1.9089333669282222
1.8697666868919713,356.53984464977367,63.81216118874719,0.7048521295195044,20.0,227.0879782841038,62.60676816094406,8.707768478956154,0.948129313073459,1.5317302224009643,2.1832527670380464
11.328449364560877,49.39605280462046,39.758698576767934,0.20030918747674378,10.0,428.43101339744607,231.95233805785492,53.589638986450254,2.272799083522605,3.353557058495738,5.377727233496644
4.305677480881538,235.2743372497116,89.71992290053785,0.3018229974673281,20.0,364.5682276264115,268.15165722995573,257.2613720954647,0.6665597894309637,1.0784556835270345,1.9088017559014931
14.0837906827398,161.54262259245021,28.63895399856955,0.23652062735137913,20.0,236.34028316978387,165.96405783419561,179.9308784272522,3.8458027091291576,5.899508806120041,8.54968608049959
3.994073337582429,141.45054361094662,62.28968026034855,0.11879904384849956,20.0,123.03685879965072,36.14181144166642,148.97245096202644,0.3315394057616388,0.5697847500545234,0.8480547058807902
2.2799900199665473,315.03031165946965,74.07804160000441,0.48740195892088856,20.0,363.7808548929172,162.65359091134457,340.4517490766725,0.8277333877163773,1.3467491734356425,2.4196593268102067
12.55113374581114,351.21443249822386,24.413640299932382,0.5899455190963534,40.0,427.40890715305585,257.4036108760988,304.2986676481559,11.856981967515253,20.0177827794224,27.78690612526088
2.722622591055164,314.22922515870437,64.83920249046527,0.5535142366195493,10.0,200.57566430267795,226.09590059116394,308.41996167589537,1.3855049875468717,2.574147098417885,3.445454921590165
3.0993904682872166,69.2282444526479,81.19259115973206,0.3716374831115734,40.0,334.62413746467115,90.87395829072561,63.11243513961328,0.1,0.2,0.31897552388806066
9.191050477052231,79.48725163521625,25.064548581354003,0.4885071721579338,30.0,200.70579856712249,41.547729740065556,102.54090918484766,4.540980314061249,7.821769726022439,10.263206041518204
13.181149592143235,236.1865964742228,58.41822283299703,0.1658695146453573,60.0,239.76822563260092,270.7011014298617,267.61449641323816,1.809778940519059,2.8976311791545535,4.028335011249685
3.348302652861312,104.07008938974901,39.391788361155506,0.20801260310587913,40.0,262.9302795975019,256.95618025650225,75.06650198554377,1.5799729440383103,2.956092278117381,4.762573838759013
4.999693257051375,264.5010470810088,69.71933386526906,0.7522562336870884,90.0,388.0871811971167,20.84603271784161,292.7243905639943,1.2128208504143962,2.1633352080128714,3.525708968685059
11.772370154497075,203.91143429147206,28.900802530913367,0.6330554234739278,30.0,488.77548608033663,247.98397449824645,180.4825305709467,11.383947881148032,15.995617478932845,24.87658624508876
14.591483177884026,198.32715665654504,90.27885730028801,0.7459173670776171,20.0,222.73871515647795,33.67772814655715,175.5028517453286,0.8104111400811352,1.4555233720278866,2.1714575087647052
7.760747199933964,298.2768929419629,87.10464362860489,0.7416761991495571,40.0,171.81518811755535,23.66867185360092,293.5911788954156,0.14523547981156687,0.21815780826854347,0.34645615182265627
2.5865137869931365,255.791797827364,33.94808149067819,0.5545748319754185,40.0,187.42191222972326,228.78726465814654,249.42766838471232,3.7076492489960273,6.802365771092601,11.031348114441352
0.7020761717689223,9.567995399025012,44.24494132738285,0.7497670536785157,30.0,67.81064561821563,163.2116334678626,338.3996498046875,1.9627566720161804,3.4159879930088652,5.813126902276761
3.8300124349834013,17.805289372565646,64.07262309897823,0.3916928721577243,40.0,149.17243017104363,127.29166710664407,30.802848842416985,0.7857053840415736,1.2892557985501187,2.187061839152632
2.411422157904555,216.56104288416566,73.85467524756879,0.10253137134945867,30.0,44.13725922113431,271.6393478129265,230.1490913786977,0.1,0.2,0.3264800765514948
10.326050767386434,175.0291472240192,53.199201137019365,0.14379978109231156,20.0,214.51923732644434,252.59455375998735,196.10997914729262,0.9802614371421734,1.876177231270283,3.2778998067079956
2.2665713171137014,93.66647592347691,31.72184914707313,0.17664112799057066,20.0,84.5112773862134,21.998924106381697,84.99736932791961,0.1,0.2,0.3438025253595419
7.841784008499179,150.7161914333286,27.811362035215367,0.16674741722800218,90.0,173.85696624122994,186.74573637264584,149.92453713387962,2.440476412936181,4.215258134457416,5.760668734806968
10.566805316821855,272.8477147438298,94.98240026857579,0.34619167359518443,60.0,396.99529694641154,232.81888394620017,272.23917144577695,0.2567056905584064,0.47069981350868545,0.8370641748705696
8.926190833703084,297.5801344768548,54.15140910826155,0.5908895649765504,10.0,123.71789764397887,167.39472103361086,331.3400433062241,3.5638457448331313,5.874460616804654,10.256051319498717
3.3967469490708355,202.0403044404159,85.43988118613737,0.6534541646203466,90.0,306.3354160496924,294.98662222747555,145.35540878775151,0.9330330041439421,1.7479586533315725,2.552829969586161
12.15980562964281,138.7330131085571,56.178200347183584,0.5131492920412373,60.0,450.6895282050578,207.38401387102675,119.59412612877502,4.044565579424634,7.674284657843208,10.054020542217915
10.873403379429124,97.45083413823852,89.17682289095025,0.2025053221898857,10.0,283.8976643277439,35.72218874562246,97.56165099407447,0.2500221840759491,0.37062696067993134,0.5937399336193148
11.215268056775356,187.89064947693126,26.581953707866294,0.6235311215037227,60.0,97.70251377343392,63.497913539986264,166.1792447786212,7.92111279553361,12.220841862677776,18.566010359832365
2.4003373975810423,113.30986268317716,28.55143935009132,0.3483613433963193,40.0,173.0383307890112,248.74245825384128,108.1434555377548,2.8192301683562633,4.403618471769466,7.375106813893747
2.294430152929997,203.07424933700025,89.72241407931682,0.10909534407025738,90.0,295.59423438484896,299.0432185775685,200.55273860960207,0.2715031641914067,0.40715945719876084,0.6361051720403533
13.949656989594361,243.59485770346956,91.06197837835887,0.29641203437292457,30.0,253.7989587401669,34.01008372735496,230.4411355276202,0.47243575301411916,0.7726785971605581,1.0340334374116764
6.264883810461639,23.788515930982143,43.60380855990225,0.33142038789868455,40.0,75.16129830217498,34.59714876428927,25.077894453035594,1.5611990624661107,2.366496648696529,3.365971623311051
4.863756030823627,0.38428740818900575,46.63736652454038,0.29197187465267205,20.0,223.9513760005939,230.1991809722686,12.947272963345274,1.7579594916309107,3.089303678852934,5.379286725747213
7.584468657597233,76.41976998266746,53.93376761260685,0.66830910723131,20.0,271.9902807602139,23.984513106379172,71.69444108204742,3.0409603834827665,4.442749658596896,5.859297497561295
10.111531085071945,322.0241391787612,51.21212600504681,0.6319484783158632,40.0,134.39902451432866,25.225234239130003,312.9602444993865,3.346566832607016,5.227175056652654,8.720678234084092
14.356537227181065,232.6646747622813,34.25339119696975,0.586886421288849,60.0,306.6103121545861,267.20086248785043,229.34937642920386,10.139041422089461,18.243302828828753,26.379300589711658
4.653470289789798,61.90572669732823,87.37815379545309,0.1973035549585857,90.0,36.00988964311971,241.13269463394303,61.75699976441644,0.3018597975887013,0.4947865667435799,0.7552025838260975
13.909722225024392,320.49502625650274,38.99807005292328,0.6654837367943974,60.0,168.9669097491929,265.06114395999276,285.6886349498143,9.688139083086892,16.013308513170625,25.068877968806817
0.8604626251007166,169.1841385034424,72.89543071082386,0.5740231731643266,40.0,402.33413955600963,196.90145362916232,178.41521686266796,0.4976569811411067,0.9349756171356648,1.3323782879675767
8.550371613738958,171.39303240431784,25.036675830122967,0.23638638053697433,40.0,130.38311565316957,100.14824447196324,162.37300781538195,2.504833708743362,4.986389827439036,8.107771236098845
9.692639119375734,336.79509978335585,22.90634986463221,0.5536657511970615,30.0,302.98324815153603,272.3623911481734,2.0258012795768536,9.40110649199978,16.348906532142355,26.92208949634689
2.035512354385923,21.415209186002407,69.02978544326905,0.4384581487025768,60.0,205.60482714144567,93.12343986745738,33.236278698851905,0.1,0.2,0.3
2.534924157426733,77.46417886633867,45.42618931799453,0.4075450432993576,20.0,158.91361106520813,86.27569763918055,100.86550695073177,0.9685504034996413,1.4157705952228672,2.1051992531637835
6.577157630086406,210.87767705570008,69.1594544540001,0.1784862144306722,20.0,458.1497122671034,266.4881236618675,190.6576011814019,0.7082893645432221,1.403192366940031,2.346402350610085
14.510362726076135,70.37514344952147,27.05159016266228,0.46281299309161583,90.0,172.28759732211137,205.8426647854963,62.947410625772946,9.08295658122836,16.417815946288986,27.267017048876088
9.142617021898406,244.62972331522482,91.23885349368975,0.16995226628065457,40.0,119.10127484202215,269.2232649892266,219.78055356607663,0.31445705890778275,0.5822114179930069,0.9154119859403103
14.028836713203063,77.07322416121927,76.13858501698215,0.21497737107798665,30.0,454.741356504495,50.99088032992186,62.96939998263275,0.1,0.2,0.33776747798680146
12.163233276388075,35.69650941557316,85.72004247693494,0.19278241999233392,90.0,373.2262336119716,285.92755534086126,60.738617905744995,0.5569040172701277,0.8396834825520527,1.1367823466509879
7.277033222551727,74.5146574707023,30.23529155333832,0.7678757953490054,90.0,341.2180571354005,185.7589362265965,104.26446902915221,7.990809475693151,13.33679922792687,18.126118969165525
11.879070014156717,152.1842523379424,44.0120726669652,0.2994052833107231,20.0,25.71793609137103,202.07033800756116,129.22158644185322,3.344535867742802,6.283875404217027,10.234828446816167
0.7586333676663222,63.409787702308755,47.625812315475805,0.34864302651720547,40.0,66.47127539717214,274.6478711963032,54.244234335963085,1.5161236728849732,2.9106811804953088,4.792922455185087
2.0825879531031566,48.489128972405034,60.287948624511394,0.3254564244072253,30.0,319.53164194102175,117.32212753491545,46.96521553192605,0.5625213594738435,0.8676336811073131,1.481279252360999
12.526714915799676,309.7014790388187,42.26513641305607,0.7287753116247007,60.0,105.50698542660385,217.27462343527935,321.41359187501433,8.6527089698206,15.207802917679727,21.146730371987527
12.053847780714845,115.34299329503082,24.547305664205382,0.49407613793442196,90.0,113.59335482954918,193.90048323172277,80.14678802430097,8.42465919793297,12.588640871057127,19.61795954883348
3.8732907585132885,129.8731271465713,47.6658785553103,0.7434119292533182,40.0,389.79011915646174,237.38705206545825,97.81312551600254,4.56858662823016,9.02280382473397,14.710920549803582
8.196159063686276,19.89734742044195,39.09119859704616,0.3099474340795269,60.0,143.67654946963438,269.59812359082565,29.689870297889996,3.329904984104638,5.165756769103684,7.293272593711211
9.287229400150158,128.6530644607395,48.944096859741116,0.1803842721023643,40.0,36.722063773806084,205.61795235187793,89.672293082381,1.7579525882942009,3.2275676866567067,5.030047830315511
13.082214829752163,95.33058383576868,34.771965696501965,0.4893529169069223,90.0,19.17954170762069,24.953668578403985,86.39463571299127,5.6591677771983315,8.707579044194894,14.099508015080389
9.245053781411523,219.77462424304386,39.64222809235516,0.3418758942530123,30.0,222.1458156353986,59.026402025685165,223.0164604142207,2.8042099011278445,4.9624206013282945,6.983241118577598
6.482287754468365,73.94050716206641,67.02142553242015,0.6613347834435238,30.0,308.94716026463834,286.4235637687898,82.25382656072875,2.0976391124813816,3.7664339149981294,5.603631472296813
5.925668629404149,319.8115631026226,49.11153759335488,0.715596386238161,30.0,434.57373146250967,290.7518896462817,316.97720119174596,5.505691790158719,8.792902853931144,12.381896780639654
6.675290252415893,334.67998353103985,45.90375448771191,0.43080145763495026,90.0,56.291393121287,290.3869275410169,327.36484915008924,3.468531547322879,6.560034822799987,11.489713717665868
9.952999870909625,35.93918058364447,60.04292245417797,0.7799513168598559,40.0,99.13974031785985,15.855823118034802,52.83059777797406,3.3095728211340845,6.391521626465418,9.065730701894232
13.07861416040871,38.6650642638878,77.88954056329443,0.48710910444108413,10.0,265.3705048428281,117.8222095450784,44.36918279120295,1.0357156899610769,1.9813675716122994,2.6954867478240687
7.081504790106346,41.51751771995567,48.41509672609679,0.28964427537041876,10.0,182.69007275874557,229.1034476764588,28.57718528092647,1.7182630091170215,2.746607219156629,3.618868301119694
4.093673662794693,223.04493227171233,64.06396194168804,0.4422828607409922,40.0,241.78618817150183,227.1013120790601,223.7993902053571,2.0164988092084037,3.7236750804586998,4.924473667095426
3.9316042634649264,43.90882711546424,92.46519690261322,0.12611720468204934,60.0,462.1381998431235,30.34312696023776,51.5722075685881,0.1,0.2,0.3
11.317207063529972,306.85763445489584,59.1485085588538,0.6628008121841473,30.0,272.9009352784789,184.7992216914081,341.2223792839235,4.525633534128581,7.945098118937303,12.744765704171757
12.3402470696467,271.5377453776413,88.23481823881583,0.17100453559809467,40.0,208.1451846954259,47.146537469552946,287.26421874347284,0.21471883672052886,0.3621136667654781,0.47394339718370815
2.026532157884812,295.1311889656887,79.52544681923202,0.31612394195210347,60.0,494.73051344317264,150.49675319599905,319.4223260847676,0.1556288946196784,0.2739312398324706,0.3953846711937888
1.4651034258500832,189.38178967896752,24.40390112376123,0.49572158290346036,40.0,33.54261927986862,75.70728174813084,177.1696417529749,1.6723085656656325,2.4773453582026916,3.292598704773927
9.11928812446855,358.80379614689525,52.18241536019426,0.13008258795282923,90.0,466.1246107372148,20.682545661744662,348.3201380217952,0.2350820631436396,0.3867824790441874,0.5808812926895638
2.6195120407941253,15.903037059898057,72.37388059014411,0.15552182942701379,40.0,251.32925919067603,28.605730530349824,11.195437203638257,0.11450484939350823,0.2,0.3
12.457630761616949,144.4553871070008,94.00339343361499,0.5872814503291091,60.0,252.37441254580193,273.71342017032293,141.58393417423753,0.1,0.2,0.3207541776620828
4.9998527718990795,116.61720081754902,54.37822183711344,0.15024396514253813,60.0,461.0602027674014,224.67055943945255,96.45670166149121,0.6236009985131737,0.9208645612537676,1.5140966842417054
2.5861430280815685,341.5123795365508,26.95890905950546,0.4339580063731636,40.0,254.1546658169417,279.8880746230204,6.831052067687153,4.264266142758664,6.5136552887620915,10.849592224444425
13.854071851068028,207.66994505913345,62.150688103465086,0.3370869433945253,10.0,219.76513817454426,143.64703003839804,225.3369778143093,2.161920242400911,4.0409695510890415,5.706542837874428
2.9002099796615335,290.2287475601011,29.49228440929702,0.25965558556949153,30.0,136.9718074664823,126.92128719107727,284.115190334071,0.9845668889332091,1.7032041094994792,2.9537818648264254
4.628441193900065,61.32282971706679,76.3639670209545,0.23214522850456581,10.0,329.749566641893,110.7301512881182,74.15704269734385,0.5742265110866662,0.8120630187940262,1.335960670932508
2.72739423028485,352.308291804158,58.07577480963334,0.6343879056128057,40.0,285.25290039890103,186.81059333536655,356.7662750642347,1.9270509711955692,3.609587483067208,4.794705689236192
2.174605923147647,179.51023687547345,74.25735262829649,0.7660795352051978,10.0,107.95837303694375,108.71001915654341,193.90679649410094,0.6168412615396289,1.2001763457608223,1.8247281383802207
0.8066462368783804,177.7219474574325,85.20213701588928,0.19812581954233222,40.0,354.99704461560106,225.15060402469183,150.8358049869199,0.35441136004774554,0.6833963863004295,1.1507563087552801
1.3032334328817716,349.5185022764656,67.17110128720829,0.771776853421889,30.0,322.3993418109836,241.38861123367934,346.6052808125169,1.5924437267139544,3.015786060666313,4.389316664140549
3.032301328569864,137.06365003817223,65.93294969398862,0.5163337524325726,10.0,199.26960821906385,263.3741550616674,135.90287948005633,1.1671550545933052,2.328859338310049,3.471815496667097
1.2740380230940431,143.10900883979747,76.59277215797235,0.54916228375428,10.0,3.1960600298717345,76.6262744223568,155.58185083203048,0.8753889952298984,1.5335424845173768,2.4763673386595846
9.071585333609082,210.5109730097772,83.18412510895006,0.5969484646998073,40.0,223.84399393791767,160.47150454125074,197.94222098613452,0.9308322219928762,1.840769659458056,2.44406431769416
10.370360638592842,46.0989397972033,85.17903397077521,0.5928832232482067,10.0,4.023000447995612,70.91616193530245,356.1003253155554,0.7133618551739654,1.404828166424553,2.5054654063561133
6.20764162406441,115.59082550826776,22.732264676216246,0.6738677757299818,90.0,38.42424616022088,16.078967909000635,93.95683115460935,4.550396321679469,7.225771070605494,10.023882311204034
5.110870905804717,69.554996080247,61.714272259834196,0.4384280559433883,60.0,215.87434133793622,213.80846473010212,68.33403636602884,2.0068017758811054,3.8491667232387163,5.055249226950641
7.815630436822336,37.182052478537855,36.22019823481636,0.4733510112602908,60.0,41.87802220847852,166.94947581086177,38.45973698860449,4.235490259925621,7.943592517634766,10.347812073079089
13.187571662401824,311.8120582791672,84.52594180863375,0.3266789017243912,20.0,138.55705145979596,218.55854746815967,345.4870207316669,0.1949789089845262,0.36372911210385245,0.5455126247628782
12.841408588921986,212.15921980589138,68.62982639025208,0.17368031564818195,60.0,328.0901929109252,30.848758864928445,223.81414861905336,0.4401262588027832,0.8528627839472483,1.48579501262845
1.1303883991854833,129.12220495004803,51.51668592743286,0.5652481336483534,40.0,154.9990559621001,298.68022282327286,130.75281053467782,2.8731146668845495,4.684653705061903,8.010200547419235
3.131726939149599,147.1209758520166,34.10781710910135,0.12352697843037565,30.0,498.8266484666337,298.3328272493744,146.47315031638786,1.3151961744453282,2.156965100645224,3.7876801093461454
3.932800631013742,155.34684132744766,45.426771943986985,0.2929445357583578,10.0,458.23471492357555,142.17494852353624,177.43050897084152,1.2586519725635257,2.245474622502734,3.5184143352504007
4.116119849567072,227.9337055720954,72.78332709051685,0.16596090511227019,40.0,293.0696423881763,260.48732097923164,216.13149652894663,0.8073837297732798,1.4877520494331085,2.2678892288246235
8.782873450270204,333.63698093603756,35.32696589087291,0.23350901012590267,60.0,483.5066221788303,76.85272396263926,330.83130518122556,2.2016745276111287,4.244481200604992,6.33671539035268
6.535805172696288,335.80066307651373,27.018720900377957,0.5471116390281666,10.0,434.1406299218285,222.5820175608726,314.0155006737477,6.258038556016065,12.049898249897716,15.944534269987669
1.2141847389501128,140.93711263103881,86.60215686706633,0.5399336411434428,10.0,160.13036090140304,264.3716277600019,169.3152336049449,0.33294444187068517,0.610221829803255,1.0707932413779746
5.917405007663788,118.53448545519704,77.31577621850876,0.39473843909699846,30.0,375.0485267466694,245.32654849382968,126.38446419522931,0.9353797285176615,1.8465664839682503,2.858647500238383
8.09441775640574,162.3767400666918,34.98461979935995,0.16312038354264383,40.0,69.27906021796973,244.47335308114145,148.2262741466129,1.598802101586868,2.4096780290465025,3.6808644329301825
1.9742425921038815,204.45632295425733,41.92336575724937,0.4033617415215859,30.0,342.5911607649918,141.5928564662152,202.16722274789117,1.490467350142252,2.93652459845581,4.573882976963363
12.585149029934115,166.25444812190938,92.90526328481643,0.34692141030080537,30.0,246.04983142079564,246.89703459473796,176.44746338603497,0.3737239402169884,0.5376074524601676,0.9123613818697717
1.2534470637440118,237.15122753401235,73.11383650693381,0.6043214069991648,20.0,9.396143687159533,208.75791984128364,232.13684927956683,0.35636969921328554,0.61772166050461,0.8723684846402042
13.9102071007619,199.5836484167149,65.78915031603685,0.5053186257393363,10.0,137.840681372795,44.07316245254029,188.8942359824629,2.274328796139903,3.3071428365845232,5.473157160172155
1.9371405529081946,115.4575968098674,43.072136406809776,0.4440960371358993,10.0,477.73572648472003,38.684399199033436,102.37212309018076,0.746526564540006,1.299553880358031,2.1512618318494057
12.731836798167414,124.46309007454774,42.43438581248917,0.4408874576134967,10.0,158.59991105915185,232.71703010071877,131.24232805937004,5.710132419197692,9.330732256559145,16.093426708059887
13.588470586950448,136.29340352150314,22.964271401767284,0.7764078210822932,60.0,91.54577319541889,189.51190618801252,129.13231793728943,14.299533266480353,20.71953264144865,27.02535248479194
14.703774868505594,34.070316569779926,74.63614001764486,0.6294059551924154,60.0,94.57819183953195,158.21595457145634,24.995161874525003,2.2801343138140506,4.07886405923678,5.650033405585768
12.129375263967107,59.78254766903032,23.23814187926634,0.4478856923220895,30.0,240.12741905633257,272.6422283004043,33.06131256792221,8.662605033129577,15.928094729429672,24.457962588942827
11.802424341184269,260.32096877233903,20.364300333295926,0.4354558290222844,10.0,421.48197109459693,199.57915527700948,261.87378030288244,8.340047328132675,12.54769501546235,21.64816421020096
9.816007501935442,140.0748161479488,74.71213158957343,0.11853537091347442,30.0,379.2428808015399,121.86328980104855,136.45034737211066,0.2965655273496038,0.5387593334130856,0.9603699919552222
11.795447141382871,77.23403012165171,91.1655317861844,0.7597564843238647,90.0,218.98915176134938,127.10988341197422,70.80106314881242,1.1695385753640013,1.762995814841195,2.8162699983236354
2.4510070219906326,202.56206780694862,76.73772857954829,0.32342178023713075,20.0,105.15471483504332,183.54708644118756,206.537481356723,0.6125528019103633,0.9080714706748733,1.27680931739858
8.27298652124074,271.99423529043383,55.3730142968284,0.2791573573165207,30.0,23.986385150993364,229.28120898247278,286.9542805451518,1.6379924586552252,2.4380173936675154,3.394432961280427
7.956231617761009,92.6720504443337,56.453393717065474,0.79958624777137,40.0,231.8525294218828,171.4842255499916,106.70335988314308,4.325689155154963,7.610821158962511,12.32741429413593
12.934796089777084,297.644357492548,52.710231698682904,0.6030827700531671,20.0,407.57289891057763,155.084460254658,308.6989275105433,4.869511512377239,9.092714600871775,12.775578381463172
7.21059080110598,333.9017494650179,44.34827503327502,0.1331546413095016,30.0,365.11131480356255,219.43570728298363,329.08834389230344,1.318106487156804,2.3174107580529277,3.653499358637827
6.083797693455125,215.06203046658266,59.12856606393802,0.14331983391790354,30.0,204.8917830459979,213.05304222257573,203.72206374775783,0.2481879521582367,0.4679859008420663,0.8037217774417423
9.773667432938096,240.82115723696865,52.33632178558363,0.11785109477213851,30.0,297.75663328688256,249.9523179810005,219.9428444105199,0.6904803903687674,1.2117146497302038,1.8114041340463614
4.3637181037622685,18.927356516299938,64.8625910030581,0.5197332296590084,60.0,218.6870139521626,23.45277695180185,7.0642263695382965,0.9576402569401209,1.798824514220943,2.678874394916557
2.5266419588323745,340.3871607678863,87.35900603758209,0.15009515004336627,40.0,289.9290387852987,227.71087896418376,340.7801626706177,0.4719289453413696,0.9372100639150904,1.2353086268134157
7.429220473344314,141.29450433537977,94.62570629928577,0.7533718497914514,10.0,259.235116952381,156.55933303074855,125.56878190233012,0.1,0.2,0.3
6.544895844625833,332.60414419635475,25.905746741218785,0.7558345780158746,10.0,340.8023334624543,27.034470409779804,334.5252869787036,5.765060323114745,8.589739869338256,14.165303338701309
3.872264137668669,208.43190891008732,48.8512604496006,0.4822378467236559,30.0,254.34671292302886,205.30795831000833,189.12277535185004,2.354403895522531,3.4874327222832324,5.162082649517412
5.828921246669356,1.6627675835979394,33.55296468251071,0.5316472519771657,90.0,470.3648880856117,216.37935723057313,328.4429298034575,4.3661330080892,7.677786205138587,10.588814688408632
5.812690522480588,13.875119756436858,46.409035544415026,0.3043260810676749,10.0,214.5860626092614,159.47001501568192,30.263242173732756,0.8654488938467455,1.4957222972842448,2.0235385653287907
5.248685683981909,244.95077004117192,41.56047639113173,0.14478077968579134,10.0,8.94223521681575,239.17069840668003,235.46247813385503,0.6400242663231994,0.9667830406417632,1.302765949810199
6.00222915604047,202.56048497949593,33.09028487200912,0.6162223116342709,60.0,118.95039416908328,93.57319204564395,185.8198119150181,4.2830599330884525,8.263148959752073,13.465352518780668
10.443278509111208,9.551677394186765,77.30570400659678,0.17125019212431222,30.0,250.80282219522132,64.56262946677366,347.674734568238,0.34358338044123765,0.67825043581681,1.0894809590530845
4.804708881283637,267.64558604005873,57.221655712192685,0.15989034871287522,20.0,270.7453540924423,108.46651576426716,276.1063055346667,0.6987398781786542,1.0843949500190742,1.6908542150016528
14.258439937372437,306.77232134490544,88.94341866629193,0.3178561764429567,20.0,276.6400098667147,125.96490142231337,334.27047557426476,0.2335826157741251,0.3560102157791084,0.551873943897406
13.78704628330358,178.71029367815098,22.44443324352609,0.10872596188651745,40.0,357.561497036771,210.3004127086398,170.64881645802808,1.8525566394299064,2.8313607038887634,3.897561748564214
7.47320121035114,167.67267852861178,25.023350984899245,0.4038249310294212,40.0,138.04942316614643,254.42838167407717,163.36141103536013,5.459769535684053,8.912816709123874,13.817558571410892
5.261237472567988,1.9703191804658937,50.2455187197758,0.5953766370560537,40.0,332.78693584169713,217.67086607320957,23.402955978247338,3.383663179823179,6.469348478002599,8.604032203315642
8.263804452535044,283.19389649769573,26.020799030302783,0.6609442519953573,20.0,352.31210428648717,56.32632992553244,246.98498241052948,6.3233579740179335,11.113784528668162,19.592815593746163
12.804127087217555,119.05778402859795,39.70471973111251,0.5230151126592449,40.0,206.22909555779233,113.03404001607593,158.39515688685128,5.562096621593268,8.012378498880963,10.648561411561824
9.96251643812148,316.35490312171424,93.95223073074678,0.6928119421797388,90.0,201.6823804740147,51.73204546709451,5.236909168241652,0.5523856861077392,0.9301000864372647,1.4060928478082568
12.163681505232622,134.3018115208991,35.67197056134606,0.3845515426369772,20.0,90.28346804256843,207.58363886962513,80.17506093249744,5.048592388314531,7.341658052055905,9.546251718092941
8.224473002953232,203.428047827054,34.8588306059068,0.6941404595423337,30.0,207.5797007514315,78.21070407398376,201.47798324871886,5.392345066474382,8.863551097227539,15.00665871852737
9.677305624380502,97.32304375175791,63.02305015967818,0.45453131734886554,10.0,393.6213295617992,159.9891451912948,82.94410311436664,1.9699332368807678,3.2348511756775715,4.474074443254366
4.678256405645695,57.81179253057073,57.34987180948676,0.25612528959880676,40.0,454.5775297693921,238.58980374243188,52.51635711247605,1.4714299512061648,2.6324052504503492,4.639503716355161
11.155950853499217,278.9668452172781,63.53287229021336,0.7609019526623262,10.0,297.21298246766474,202.92708610187645,270.59914382495964,4.113574836039633,7.115136777692425,9.406131656601547
3.4348666003229162,178.77257238466137,48.255145865641,0.2924796116859816,20.0,150.3858013337951,93.02032724621415,195.00775435424853,0.7377843771164634,1.4201263752936626,2.4289751590427247
10.574572867868225,193.13565255081028,82.00717699212103,0.11834103893145519,60.0,341.462569611206,103.19569143182055,190.88425441145046,0.48097430325500923,0.678060791342737,1.104099206237209
12.980426490725463,347.54974325342477,30.393541358184713,0.2698718300685189,10.0,370.33295813930596,197.74246454789437,329.3315989694256,4.938437040582133,9.20721852825448,13.119069755777385
2.415491140872387,346.88876839997533,52.129448438109925,0.35668129288019945,90.0,166.7741766115505,167.09298605528352,343.44506517407285,1.238074163409554,1.750135452687267,2.4523069557102306
9.408506237857837,308.03116381286526,71.73213863330653,0.3459447783024849,30.0,413.4473828832838,33.436078803663094,318.32684855211346,1.2065234161772946,1.9094124646649973,2.823713556227348
1.8788883493340518,67.53934539541208,85.11773302121748,0.46726725661050017,30.0,37.7742202370317,262.82751883569614,43.86491884010645,0.7174765089913787,1.3831496950696145,2.3709972012198897
11.02287660993569,213.93816994856877,47.71787047675683,0.7181888174251465,40.0,6.366105082412737,156.22090817582045,181.01349616916917,5.933831523943535,10.76544495940599,18.634751336480246
1.7251516729410434,316.1330728759935,62.580919932031456,0.30463675897678943,40.0,62.36241554339424,144.64149889325228,355.98792889269987,0.5757287279400456,0.8654342764234555,1.200913547148615
14.071127429159077,134.80701712161758,25.185495875544614,0.46453942557141825,30.0,78.84816556592735,63.53960430651738,121.95848352744885,6.860986025892888,11.625739975575794,17.168009470372045
2.4924149855481312,36.39821973681059,32.77393160838717,0.3380972675819356,90.0,439.58558744091295,116.2131765963085,33.651159998420134,1.4725853263930098,2.699458759332181,3.829845485402266
14.403763565681665,291.94664480637186,25.185362184958585,0.6752411415612404,90.0,213.06586940841913,103.18333438295424,283.9907366898604,11.234691076982383,22.04702509676868,30.013087595705244
12.112820553233902,173.43487849038178,74.59106689988914,0.2103210593019349,20.0,138.19091429322046,84.86702643468092,184.39663257202463,0.4910093569640782,0.8742876862317973,1.419165361745651
9.108389064762134,203.18136492930427,41.604497654160554,0.17245718781704095,60.0,215.10848287742286,172.38493952079807,238.63716339112514,1.3374194327635998,1.89218803072614,2.787070945114624
11.84804951712843,353.571946674424,74.28089676438783,0.4520966772663213,20.0,198.0256054576155,141.3712312826832,5.170623509009658,1.3584571345360867,2.3091341222177415,3.2620953530813064
12.029165165254746,218.59611497786597,24.979870928245592,0.5703213100358444,90.0,151.42937232602048,267.3133171678268,188.22881202706614,10.836104242200827,16.165050899348955,28.0140152128448
14.21739241085129,152.9925788397965,84.69108503062441,0.6568676407635365,20.0,69.81189162357069,282.69647322891245,125.3101102996259,1.4552055990547152,2.0790052802994547,3.4805853292349296
4.174058630668214,133.1943724249912,82.66476485833186,0.5127373970337216,20.0,328.30181552496646,69.74466162228681,125.21507691845287,0.1,0.2,0.33737611486963426
9.056100482695483,150.34294535545644,26.669655728771197,0.6416948329233004,60.0,69.16559698704802,34.5311014863271,144.97828136479112,5.9165456168459825,11.04118018974219,14.569918695290909
1.8782133646838177,42.62366994432075,21.781737984288988,0.37489704099264665,60.0,387.9368018836645,236.67457768888607,8.184644553388743,2.6703980429621246,3.7963348822424092,6.6723061700241635
9.434402650349758,286.11020103032587,24.22166097364934,0.12300736918652828,10.0,101.64231862694635,298.48411407338966,302.49701943381467,2.1862579053295557,4.088638010369253,6.490178002581743
2.9837239093454375,301.5780689473348,84.02226298600505,0.1812695155310896,40.0,365.95428225952253,259.7620206069755,279.85165778970526,0.3441798300257436,0.6277264382795034,0.974169539853273
8.691783866350407,102.3829684464272,37.60276167889218,0.12710582086029734,30.0,402.987466742038,11.990733625026742,132.24899968894232,0.9319324315917521,1.7251859857579666,2.25187262679612
8.80024245349082,109.36678262757988,61.12049883936415,0.3302605553335449,40.0,63.53767887745092,79.12274745840747,145.7794345716943,1.0758530134295918,1.6641692731561726,2.910350989241968
7.256784718227796,314.76033228053274,51.96831523850426,0.4468439388880777,40.0,44.28613837571403,17.785971727172857,309.7952616278892,1.8024809437176483,2.9491423060411717,4.635890196034974
8.07816074494028,8.629327990063963,79.66441446714515,0.3494222385598576,90.0,474.83681255617626,247.12991622714412,17.408780798427657,0.6189790190268172,0.9110445763689685,1.5602337425483694
11.576889155095525,187.36467975620198,56.6673726103003,0.4924196325464746,90.0,232.06035656953776,176.51505800623332,162.72573531451795,3.055212841277471,4.71521559708125,7.675218029271084
12.089048389424967,166.92325728534038,57.54956304959523,0.43642640394495147,40.0,315.4875119915212,156.5469696442809,179.39678381492268,3.1462247452845973,4.976301257609767,8.451485350314629
7.6362216258437225,248.44563704824552,94.18189546249268,0.5745599613047583,60.0,12.60695962076211,168.56271518897563,238.48178857955813,0.4812658025370905,0.7660124819637802,1.2612134108250466
9.194104902077878,58.821012053803614,31.259716756194283,0.5668735144943844,90.0,140.0763800976136,79.47312131549438,37.07630562203654,5.80293082137956,8.733549766896074,15.375256734247275
14.002925417506477,240.59906668625536,82.30279540594486,0.3226449029760756,20.0,253.19342962513372,182.48331889596454,234.81236692119566,0.5829582199279078,0.88214816422884,1.2462478440185258
2.2361370332662807,135.6242428349555,23.881230920291358,0.3423501187527641,60.0,443.2229383813126,14.046758646888847,126.30928266684825,1.2608320742409336,2.4471265803593587,3.4285468235598198
2.1980017055516026,222.73732014107114,55.82365771797281,0.5096034751489124,60.0,136.44826936462377,195.57345857139768,216.23413208099606,1.4547124052090055,2.7208012267944426,4.506383572773934
1.771780672706142,14.434203554199332,86.47511179497677,0.5175027275235893,10.0,387.82046860950106,221.65797990275507,33.427801610526515,0.5428896176388155,0.8722534859344798,1.3526012130340008
10.039017633087653,166.22179098642337,69.89104742030909,0.3202899395459932,90.0,331.4442512010922,203.54274779498903,150.5156391337087,1.0933010558305913,2.1522572875221715,3.442708971405591
6.569820361460502,188.01032183365396,71.39109645245998,0.3312225200427977,60.0,58.52011313506674,102.97466790210497,222.71078182913146,0.6593572370994261,1.0176213838114243,1.6834217829486218
11.727660534056728,77.15750502779518,39.748796169236414,0.585831509230303,30.0,147.39421122320627,248.7475599626251,50.65631237128811,6.72313835307557,11.053459810349176,17.39498554074965
10.232855492974593,50.264515504483455,51.393109352109065,0.5531875760132487,30.0,119.69415418287126,216.0854791496572,82.57312096805536,4.331275186399715,8.177946457914395,13.852187815420786
5.337747495759453,67.8507490844285,47.49357976242879,0.19453556327584232,30.0,221.82126619906944,42.84771026266197,47.52053664629463,0.7431034815705562,1.2378111163818553,1.8065032302107558
13.526314936742269,123.89078810280529,59.108240761849565,0.4087293157727755,90.0,318.03178728074454,62.567545058802935,123.87052345207297,2.322264849073245,3.578088072757771,6.188286225013585
11.556716132524459,34.85165374978972,54.66709476077511,0.7248942550974132,90.0,217.2764579987448,192.9469818875804,25.047731480229324,6.00059456867699,9.72769155137239,13.169720191102586
4.422756643197548,341.0351264626576,44.5173763907742,0.12541397327313267,60.0,123.02375130015119,90.37775939902771,334.1605530319005,0.17441721469932064,0.29658472544995823,0.47957809080555336
5.780784257694783,145.79786213849422,42.911045927837755,0.6986147625389496,40.0,348.24350534590945,40.2327177266399,161.8250068656052,2.922755857884133,5.180253405841469,9.03988540447686
5.059379712961812,291.22905690242965,38.81396687413416,0.21422470994490056,10.0,292.65107626103344,50.715852979218205,321.2255928470059,0.7121361378899407,1.1702988207149432,1.6692522868719042
2.7853689050624952,350.7901643191848,47.378543516356885,0.4550740427232012,90.0,260.1376398004303,53.85706825941819,14.600658418297598,0.913922267743081,1.515998354271061,2.218538275204064
2.642858901861779,29.064700800986078,31.24561084505455,0.3970355002461081,10.0,277.6553791255432,145.94831751142274,20.967574154149123,2.4849634373268255,3.8724829486540497,5.625636872760114
14.073848218948289,234.60100845659784,85.40782265026803,0.10709053613902118,20.0,111.72842250061795,184.17870876170173,238.2861129046889,0.6445120789511425,1.1093395906899297,1.7551215054277567
6.849608539381922,313.707271226837,65.15895438750705,0.7407778559627425,10.0,340.5350994851357,57.03867108205241,298.06571375346977,1.7226743093373331,2.6385750026355015,3.9748441293476198
6.058137430272443,228.32439622802218,30.03398191953916,0.41844765913401394,90.0,194.36276723384537,215.18650005715023,208.49338997652828,4.068166188253478,7.812977160313282,10.57861202236173
11.08044277582198,154.44940368866858,72.03945006567511,0.7679877937324305,30.0,182.3704420452798,87.8987192129509,131.52338557409522,2.0238714254929118,3.740964910409869,6.530391494376638
8.518399446167049,155.18748874965777,83.57498509984799,0.3007207306854525,20.0,75.71736992511849,96.90965082621845,146.4360226099752,0.7747915773901669,1.2754366311083143,1.7885936556211812
14.074029809157702,12.923598962649208,37.81517540391942,0.7063930413911808,10.0,298.8218299406728,70.93209321686173,17.91571158294805,8.666393806684457,16.01841380078282,25.10149525038812
11.814371661686186,192.45627046413912,31.295044575294796,0.7456727017969413,30.0,301.72954086270676,236.63581010324134,154.21996726910902,11.469564285596253,16.10553424242729,25.72701982469596
7.450858679805835,357.67547884326507,20.646294285031406,0.48978269145954645,60.0,170.81002118959765,288.14508071637874,356.74840479164976,7.4398361425403055,11.953536621154738,15.78316193521139
5.95721236547198,345.1347093498963,23.543775414236382,0.24187445150740228,90.0,430.0651783759015,150.28745536003734,15.455211840886818,2.0311925664012693,3.3802714444179975,4.556119701767765
14.80615740140267,14.543722383178746,77.16885112276337,0.5796732024740041,40.0,422.8834914589987,17.3990392224377,36.98194376466125,1.6182073872965497,2.7216291914859743,4.860407489417577
10.90752342205283,254.08692130661575,94.03897490312704,0.4842846465706221,40.0,55.41809893473322,81.86794834551539,242.38323977608243,0.38802871115877813,0.7175577818022595,1.171238116731847
14.292322570055696,108.63535201089509,23.366024185720747,0.7611707660968382,90.0,347.82415551714917,51.624835880059585,80.69789382523936,11.658277833758097,23.056394861813565,30.360259308152187
2.2179393696471,325.07609522620925,76.10532193099195,0.4074904432673443,90.0,197.52354333632613,253.61487403134527,334.2727013555058,0.5604303593787509,0.9123796601564237,1.5483991657212908
12.832738348266348,16.241308455340274,25.389662438072005,0.28795955334787543,20.0,499.8577106803835,30.03192629279552,329.89274345119026,4.364545634695615,7.028489314242956,10.924179958936794
9.73757131787251,336.91467672398903,64.40996186777501,0.196800901045875,90.0,113.28679121264155,290.1104910030732,359.11775904164256,1.0211963400256985,1.803748424984294,2.4126935073276043
2.2678643358591324,301.4912677635997,76.70564618211785,0.5890434980806757,40.0,140.98157850183023,178.61156410426466,297.21951860593487,1.1691883917032775,1.8341668248870202,3.0087233294588738
9.0297409995537,42.30157761093655,46.94032979508033,0.7818767332864076,90.0,221.61104098330802,157.73323718687814,78.92758402248457,6.111190205500368,9.073957553033871,14.061693364184679
10.448397294029007,21.53676143422771,20.820104083299782,0.11984063939997894,10.0,135.08885919165093,254.9684336136601,346.9974517226984,1.8742771999160959,3.7053045580931365,5.196541062070999
0.6783889453847411,300.49475915769693,64.63920140940695,0.6183117483446888,10.0,346.3046898268706,13.126548280979566,318.85768366185357,0.11257809590937133,0.21229053894461306,0.36914164481532047
7.087610446705325,56.072761550848575,94.34334711050208,0.7488512537917666,90.0,240.97314797855879,234.26006107506785,54.06258481456461,0.28690834352017003,0.5666725923420236,0.819232859874259
12.468292912346657,192.5633350713134,39.32130671288718,0.15234707395914454,60.0,111.21853858992056,39.39819344271238,185.9423244418718,1.1824634466414419,1.8099964752102653,2.6105186713574344
4.7827058674893035,329.66814883633543,34.211845789041185,0.1771190315742932,20.0,253.68066067379473,253.02953918742747,302.27127953209254,1.3077103423327208,1.844768056028608,2.649800467946642
7.148947186078991,204.2813208777564,29.294441956513623,0.5843699689147961,90.0,444.5050954161542,161.10698467516926,216.19627901199073,6.397799007815753,10.63542561618998,17.907162716519917
6.9135548424844515,143.00398853021667,61.644171492504206,0.5535743631270519,10.0,396.4054277781764,23.033173696227077,156.52673622575384,1.2055010156264472,2.362981353727609,3.9061483856599564
4.877947175916128,160.2057797474372,64.73338245202049,0.148179190721372,60.0,249.91563328898368,250.8072864463907,195.90833578675498,0.8533903946546377,1.265573861834797,2.216744806865314
13.817407484975536,22.722181453393567,79.42031278778018,0.6840959265058095,20.0,144.9578089678319,13.057664536019235,42.883186710605415,1.3681589266415888,2.0116195487818147,2.8457770421254103
11.82876351375698,348.75083569017556,76.48049552153822,0.46639669349142465,10.0,90.76334588656137,45.819354403613026,336.87292911106084,1.1083927591947564,1.5976059229433048,2.7050380675423495
2.103531959443602,111.8355066291898,86.94061210963153,0.7350381613356288,60.0,439.3130557162608,240.35823452885555,91.7582549568395,0.6923530201532998,1.2870917414339318,2.0420003783713905
14.95700253864481,68.17085700222738,80.4329523756726,0.7145936166948931,90.0,355.3733033088495,142.13698153807783,40.80102833177965,1.7410157930038626,3.258408414732393,4.738833057926393
13.248400352462307,102.9770286625423,38.54503123095833,0.6687554383351161,10.0,286.50948827058176,265.00966778467597,132.4415155753317,9.880610987676599,17.955299560440622,23.660184212591155
4.616672349028565,347.1743501609324,61.69080536568208,0.46112922737109496,10.0,439.8378883308805,192.45163547336963,331.6108644753751,0.9549094495098827,1.3674065612073172,2.3375456560450445
12.635000405083604,33.94297925568252,42.3058969320185,0.2761974492246026,40.0,61.72345339967065,188.94098253927035,63.54757663510867,3.3094048699445766,6.069359182474973,8.621741308380678
2.0430832121350515,312.2290945804253,44.73390346636268,0.4541828527377928,10.0,341.5621537150321,91.20935630894438,322.7305353976666,0.47793626752711016,0.7977603614707423,1.2890782463756842
14.98701859187646,254.8238019845212,89.89582769224972,0.17056796446124606,60.0,109.13944389420276,44.4357544477614,261.4218596164004,0.10981533118430326,0.2,0.3148867936059813
10.152428673544785,298.8069044972501,71.1421928800305,0.5611923039313984,90.0,61.168143066977514,288.54585531452136,292.66953824604417,2.6219209100132193,4.134967508805522,5.3846571103139915
9.926812725602556,351.3231145324427,93.09428099383294,0.19378405346030536,60.0,233.33864649345963,35.91531829730157,4.536572792487675,0.274616607704731,0.46703719787322473,0.8393460885602708
1.8113905412699247,303.1756759860739,51.26844025390584,0.4578210737505062,20.0,194.3090719524125,161.05812702170243,302.86626072933785,0.9821267610151839,1.5692331850557226,2.6789394649157448
13.506984284001065,339.617646460027,60.30781800154824,0.13806738191677245,20.0,470.64563105326755,85.40773429626017,332.2333806306508,0.46921914678820026,0.9299217483656046,1.4350883801353365
0.9204927964648066,45.69669244473112,56.53365649373163,0.3096587431922522,60.0,162.66579382915637,82.92149575652914,59.61678817769513,0.195100461591512,0.32871404599441656,0.5391471420276212
3.9920068415966323,286.4838834601092,28.046529314279518,0.26245632246885153,10.0,407.6362272669492,180.40293469432987,283.6044412756866,2.1444724458750435,3.4811013331974965,5.3549681493519365
2.5738171899162077,196.4432498691772,37.75264958949525,0.5340220798981694,40.0,374.66467323370404,240.39056456776632,180.47655429440067,2.8066998284005864,5.063003736142698,8.466826393667894
11.76313514003717,195.65841422874985,59.57272704533616,0.6507506984157562,30.0,334.2940111592096,234.2679474352272,207.65494973796288,4.467181025930413,7.997714957002318,10.934190154127084
3.373961294587019,323.6117674753849,25.053072884975467,0.1401120681783683,60.0,460.2798360070697,261.29649831209827,322.3320543628136,1.479860217409273,2.0739701807914988,3.1590205621699425
13.704254293397836,349.8493747128161,89.85964469816669,0.695198579608769,20.0,204.5543725962897,91.40630768414829,359.62757494797216,0.6381736822750058,1.1302593376459038,1.6589591526966485
10.015901070248606,253.74179629554513,29.28827614575281,0.7025373864682232,60.0,195.44592180544996,142.39665760594676,244.6645991284614,8.841300718092974,13.670961892334711,20.914215118744515
1.024359302173095,173.8578202098422,34.848555981268035,0.33958835200161597,60.0,81.31276436717317,7.753699099907362,149.6753941162231,0.3981676901632429,0.647078313634103,0.9869473499999164
0.5787325948661567,164.30538884466432,77.39909179539774,0.5613028461792255,20.0,138.6052756720395,225.3229988252278,199.00686809494982,0.44775950885999116,0.8166279718435276,1.1200436243922176
1.2490397967087845,139.08292460034545,27.270090634198528,0.3818291221924147,30.0,440.0084515743745,94.1912180819735,170.01515281561694,0.7293032450874709,1.2649266909725447,2.261997926524049
9.285915075892051,130.17565064615854,87.52085747115571,0.2079336175327421,10.0,237.71668432277264,170.640592314705,147.85134987139776,0.2743790112271738,0.4448213560802953,0.5817133808861863
12.121486257461521,140.94246300639531,74.42757280419016,0.4700636929941773,30.0,171.33530777316452,54.94358319573795,133.18624929890984,1.021741135340383,1.5330676152488136,2.000709152568329
3.9590158990971327,32.311164690430296,25.146564283164416,0.16045177215111767,20.0,108.83991548600339,246.72285460462692,26.304805227208846,1.446329423067149,2.463517448445667,3.662562285068478
12.816428222384557,27.876990693757758,71.88852959642396,0.7149305087771916,10.0,242.99516487156387,246.09530468709193,55.523539611687056,3.320106898805026,5.284347261061153,8.508793470628484
1.3298631322222756,280.7531437940322,67.37214066284884,0.747002831586726,40.0,358.6160198617999,263.84860985212185,273.67654304268393,2.1278462294090916,4.144526718079025,5.760173532764523
12.113975877804306,160.5862414512814,76.8012074554939,0.6751291959079826,40.0,144.05932070308063,18.551414146483236,147.93512072433546,1.5266950151532086,2.6268436324703868,4.115205359225021
13.953033737498066,335.04641587606335,82.11483893670018,0.493769684529185,10.0,379.1005438855144,297.77531938362904,12.491109388792438,1.5345221987892108,2.9456356617488964,4.893837802346392
11.695571787013519,220.39956309382288,73.87629223798663,0.4903190137878185,20.0,315.2640995877343,78.09492725970989,219.44600946154543,0.9861368296733464,1.611454690999134,2.1706783031368677
10.62275136769024,12.66335358639111,63.963222145322895,0.7892251636206509,10.0,393.99371870731244,96.28293738396809,48.031860156668024,3.474591933701823,6.58943260414821,11.809654941209816
12.650713170503055,56.70840287429261,44.184748893633326,0.27353118288182804,60.0,126.20390480858124,78.5540401111816,28.74056466049257,2.5004158958079117,3.5854017154655575,5.2646257701066395
1.0821938434324632,74.09512548468273,72.29552463724468,0.15316385613364525,30.0,315.88304422178965,83.92214601812705,84.45882314037276,0.48061979602733546,0.75883685759449,1.2302321618071272
3.425840605426303,351.2649687802778,91.77286884730846,0.4933586465208245,10.0,77.71390446493211,168.03510005057575,32.6866207646101,0.1,0.2,0.3
2.3113933499318247,78.73352141458855,64.06413353966556,0.3301499184670723,20.0,182.53469410015373,75.74411056961497,79.32853630776579,0.3848159764829033,0.5460500641946573,0.9035726275063124
7.815699357798304,185.67204346369846,69.82586513256905,0.325637140965631,90.0,362.45568732655784,121.16253686311941,180.39195361834254,1.2289243062750308,2.398021317222662,4.125143830614925
11.305227860768245,337.0236953904706,52.78460316498506,0.10495974791896363,20.0,316.202524404388,198.4039418207485,313.6686570385022,0.808248785332038,1.4791932746069798,2.0008197942148214
9.63517174635778,351.78938276916864,76.70906073073058,0.5173675866835531,60.0,94.74250194342346,251.62773005542942,13.436243857873592,1.167613562647504,2.0725911813590105,2.8247999676694273
12.841400946548058,85.08975673807605,94.8250544253977,0.28482359159292986,30.0,429.31299337417204,209.35874257872945,69.6871950852623,0.9222876381403515,1.585869614707988,2.284482776504859
2.750588390395818,17.682351750014448,32.029199305080205,0.2315009837348767,20.0,27.622140190245755,180.32523921226036,15.786180562214676,1.1136925788652576,1.9397544724498312,2.533257089813096
11.152005833059842,55.29665971359306,35.18039596278217,0.12830235197510262,20.0,298.0126285698081,48.579925949615266,30.60661411774083,1.2401901193828935,2.211524667340274,3.9653204478871507
3.2991016175991095,22.79825233292091,60.45783189982921,0.35505310353292796,10.0,491.9264296155715,245.75410245467836,53.93614433486957,1.3702522033532358,2.5979267556884653,4.154583781643695
4.426001894108103,70.2447267932411,56.103154794624366,0.7152782106705202,60.0,266.22086118953155,15.996091957946412,93.34243300775475,1.5979181253480963,2.8093528007584485,4.505625202469169
10.793618110578906,204.68509729334474,62.86773383800391,0.33566956531816067,30.0,400.5352381597509,82.93654065441412,204.05340230908212,1.4336370944956291,2.6510078224268443,4.71741827573385
14.712969381030886,328.48156666643104,23.680553579320478,0.5753519470837156,30.0,297.995305621362,21.83238049492855,305.39858795469246,8.972488023808081,14.074126556328446,24.151407035156584
9.367382286667508,193.39879812996242,50.32073422478367,0.6295828743813351,10.0,391.7610691465733,201.89154779741645,224.11693911481507,4.723170892795557,9.380486815464481,16.013630399370705
1.2902545673737862,225.35624041166906,63.72336965491706,0.32967056643313974,60.0,328.14147354228834,113.66946936508677,218.0376058707261,0.11998628550321888,0.2,0.3
9.436480063949226,72.6722105794348,63.8893513478722,0.6751485145084289,20.0,345.8748752542268,197.3543025454357,50.56811376308443,3.863074082109021,6.304328130532077,9.251170925343999
1.114082997912423,288.21010344258605,69.30004713262801,0.5843157617668644,40.0,114.67776439210564,107.37413299455913,252.96774319313516,0.5205353375314874,1.004232249150969,1.4519882576689445
13.320112814818849,222.40400706200995,74.0162021751998,0.4914695600906661,90.0,371.16863587288594,139.44351558585078,209.48470442413446,1.9185556089113287,2.8937838580351882,4.263550314984508
10.788885133959,311.08925850938095,68.11604025056425,0.10069472483544024,60.0,119.71703344550106,140.09849799902335,281.99649605878216,0.3003598475463207,0.44597515939247373,0.6621635715824032
3.0103537731262966,341.5835185220823,79.26823665420763,0.1245635361459657,40.0,490.3394972961515,18.446292831925657,329.12710179162576,0.1,0.2,0.3
1.829954584450872,125.24427927237322,66.85704760134438,0.7936060908742444,90.0,114.66580828964115,131.91682527207104,140.13245394632753,1.059522836480188,1.7555412092666876,2.594644142708657
3.1612318187646253,32.60846107275817,60.313074690290335,0.6475987464524916,20.0,119.10531779523049,194.1139871189848,25.1004577932535,1.5054946657592194,2.950824399689448,4.495207745640815
14.71039410353579,81.33442485004169,65.46473216658582,0.7562956811410629,90.0,429.4778871214482,166.08541259225296,88.4482924923159,4.394248181369262,8.356417500797898,12.155860508701185
7.149129315648103,157.6229636433014,27.589502506499926,0.7316122434426193,40.0,122.24994511944675,27.208711052094742,143.15627045265677,5.2936080600119135,8.885076472004588,12.285159641852925
11.869173750950415,340.4497146568104,40.486740554414,0.1143100881999256,30.0,181.09049395215018,202.0765157775909,341.753095984095,1.6961467308959337,3.3647905452163904,5.002451597419555
9.727920960562765,136.1915360544295,59.55498354935984,0.6542931028537518,20.0,357.6054404283345,96.11451270000198,174.60955249614992,2.737978418236689,4.888296430983576,7.530195236001731
8.799990674400242,277.4783569195332,85.47404115512803,0.41580202080780826,60.0,80.21554151718685,9.258266819811517,270.50863535899526,0.20230570932230219,0.38927568273875485,0.6463394049549052
2.6043886926432207,194.5716091814718,70.92886672159949,0.652690742800459,90.0,80.37680565892362,50.90068933985234,202.260197933865,0.3509101113430881,0.5430804853319489,0.8991343052755699
14.217354576592378,65.81115735515155,26.78060588539232,0.1047010489143696,60.0,243.69285321004284,151.78009890838504,34.50061280578278,2.247620449939668,3.806072021525012,5.333629571336707
4.86946817146341,115.46428282324258,64.42062128333032,0.30173951084039496,10.0,122.6046803621307,96.56848941387025,145.86640527158,0.45298195851059275,0.6422515588194344,0.846698018808236
8.881249629209362,235.14907860821472,36.63034907278242,0.6259266430539115,30.0,118.59331982894776,209.8429890572975,225.60494602931743,6.944952155066764,9.759936527511408,14.170449510727488
10.646751196541459,242.22722208656165,75.05124198415422,0.6551145520211129,60.0,5.610221787837827,75.99277529190051,263.2378950846917,1.9304463453341696,3.5197286387679223,4.852185806599407
9.913880751056979,156.51350885125663,82.05806393815604,0.5338002208502368,30.0,185.85434600777603,232.97486970017474,154.04990293607852,1.0485367479527306,1.542372573256,2.3103109928092946
14.138618940585017,82.31241695836127,64.509220444248,0.31087933261238465,60.0,159.8070267545832,89.51076851122409,94.54400425877739,1.2346391422568972,2.134302094352314,3.8197029592596152
2.6523653538408407,259.8864406245635,64.35219573137823,0.3172538139015041,60.0,16.546749602508534,188.15479373740263,273.30668916878346,0.3508004058703932,0.6376163925674138,0.8866283474945494
7.87111470748066,60.79429498057732,45.39435824081105,0.7767347745494229,10.0,310.9953559286181,240.76883217409815,51.74548819032298,6.831583080862556,9.696344265550582,14.15120331158716
6.358498665741107,337.20108907144555,53.468751587098204,0.40744852546394317,40.0,313.70093581967365,118.73905794990593,359.03921778668257,1.4425910834242117,2.4080377214964157,4.003500350992647
7.3754465774979625,67.64528845313161,84.80812653615091,0.41298788517068596,20.0,36.329435415055784,18.807457835563785,52.46559117326962,0.4599016173024177,0.8326478136036064,1.2944271231219777
2.228654129867297,38.632450619707356,74.24902482253674,0.48663292516848966,30.0,159.2037398918171,162.95642871236987,54.191135020258216,0.6724645350325201,1.3004378700766301,1.7191321418321157
2.444371843155097,179.15317285153637,58.98152447718823,0.3866516358050721,30.0,436.5299604657035,298.6456731556276,171.34906696820576,1.639137213855398,2.5890796154386786,3.5751176650909766
4.532095413828232,187.03785531948986,47.61742896862782,0.4868700952181899,60.0,291.50136705404464,290.8526005811895,194.02901429213108,3.4289482868943164,6.8048504619671695,12.028422282983806
4.918216754532054,182.94944932016813,23.778480371641578,0.40263479593729057,90.0,206.57538728198196,70.20154721352962,173.7095892730829,2.47722900680682,4.723394229775028,6.384056964416692
6.704596598379575,157.2002961619822,30.725555099478882,0.6787004437215307,30.0,233.08586230358387,227.93047028015445,158.1998156561141,7.1264052328852365,12.758980835469004,20.63824343648632
9.35931943203111,358.133361418659,34.4768892154528,0.7363357138587988,40.0,104.93171722346676,106.76079038691945,336.6394873848236,7.365591097186233,12.043885352220107,20.428390596017813
9.702122202564814,175.06102056140946,48.00376574440061,0.7524771818707532,40.0,406.12886885325605,52.28038165401199,180.01216025518534,4.4975081592340995,8.215446254371704,11.770430307496923
6.471258000490769,172.06076906633916,90.8107735307206,0.4950073440805707,40.0,457.0883480200328,201.4448366777355,172.94452576553087,0.1,0.2,0.33250780031386906
6.4273550867161084,151.83578257724207,57.88650461440615,0.4095039902251467,40.0,455.42135708277175,152.75627521039684,141.03271149579263,1.9308150619702202,3.0545106667930972,4.230337185123231
3.6556136371059487,24.057271692526644,37.61301224444233,0.5936680411542866,60.0,112.74326145445754,164.0730145084248,22.956712364720723,3.133420341675649,6.2533608310700135,9.01969218803204
9.03044060193062,213.46438721386178,27.931260309613556,0.6868265139071347,90.0,156.059393620452,249.080835359475,216.14447673721997,9.973670741357681,19.400501291792374,28.245403535819282
5.097093214099949,82.06839800034568,45.3729143452223,0.49408756944646404,60.0,81.15076462995886,104.2803843867898,69.74125693504344,2.7384817892346542,4.6315966167442895,8.32861806731902
1.0228675970217735,229.53923288245795,81.17979766632926,0.589986715275583,10.0,154.29336568252427,201.79295406892058,226.96406136786456,0.4996066048226032,0.9161276068024965,1.2892536904953185
6.566800640274476,18.300046301451776,48.750709505788095,0.6248105455048737,30.0,167.06988068917755,113.02648275397446,358.1890074835534,3.5468821656451652,6.080793713680907,8.297873797137456
7.37492378880747,353.2993564510806,77.93793545168101,0.5734756437021008,30.0,316.9197627952531,17.60354949122661,40.214017230300726,0.8061614214755728,1.4966857034278103,2.638425984588136
3.7710965889610595,168.841828444562,80.20287320951591,0.6222934890105167,40.0,95.6335443925142,116.51445666422293,190.0242016487257,1.0892809245922277,2.0654828582260345,2.8523602518471383
8.800640030270678,322.83193377265144,28.31155772740281,0.2460517327891989,40.0,459.779065259504,285.2601666452197,328.29381588528247,3.3291412940482137,4.707184512063473,8.188806275406492
8.703692556262853,171.2020223638565,65.64948144700878,0.44886218291525826,60.0,52.44663557256967,147.56243221608304,194.64428091339042,1.7167521288272376,2.484963028626338,4.038632272927736
10.679031626100386,21.719094686719824,91.9322047528333,0.5117879882235611,30.0,4.432127506132193,36.92797886687611,342.13404515304427,0.49867101500240885,0.7988113496776634,1.2688565105063574
9.895252991917545,295.9968765937705,50.16035561776654,0.10173455159991616,20.0,427.61761918663603,207.90891466598663,244.84328183709036,0.757862262971445,1.4782620146561434,2.4770783577629834
9.960279319554958,233.34614268016836,23.82080667522667,0.6991737561695774,30.0,352.1811340752588,289.19690816696374,225.36032144517023,12.668736362961964,20.763604723252236,34.52986382808563
5.085105201448625,281.4325371266203,89.24770176934089,0.5270171559114385,90.0,178.32457530764324,272.84384773055586,253.86125425457809,0.3075987700409207,0.5944368775327318,0.8056183622542581
11.917767218796332,154.14115086319438,86.27497111793622,0.1903954321887423,20.0,298.15435324914887,173.7284471534009,149.4090403742278,0.9096499442232133,1.5259017116119364,2.7462157493793633
8.462593562195352,229.65722792879217,59.160608540675135,0.671449950803079,10.0,112.54850631877746,116.0028195828167,233.77036074069014,3.6557489391581566,5.751632769022481,10.18582450745329
6.755563830108406,308.2424413667787,61.418984025800725,0.6019398765083812,90.0,85.02643467404262,176.29991221022593,326.6507313335909,2.5341330729797997,4.917199149422889,8.596719512831763
9.577180973645328,227.18355943387948,35.88058270820937,0.630809680424546,20.0,236.10341843422268,245.69966334877859,204.4182797483752,7.9054011116800424,13.72695794828979,22.116113719429272
5.729531349528687,125.16250854092519,81.45880666584779,0.3744297233032994,40.0,177.24072703075947,259.065015895444,133.15512226412662,0.9770385429790298,1.5791781904004263,2.465721981805751
7.934719046797994,238.51065397183194,57.39500287940948,0.6979417546864946,60.0,307.9997952171108,246.55894605802015,238.79844783487658,3.7849979343050926,5.399845358227108,8.467709676640258
11.182232482992195,241.86750790106424,22.540834635691738,0.3898193074926536,20.0,109.85644309595472,139.36553164031264,248.81769409972594,5.6272611560095225,8.252715442697541,10.790165250656328
13.352841857493761,345.811306502385,71.22612173367483,0.499356407061914,30.0,331.8009225797487,40.063106923217845,335.415867487313,2.1099538141785956,3.130298354147064,4.85113214033442
13.85532936078028,133.5284357550009,91.28722023520295,0.10044961258991161,20.0,383.6638986311038,172.90616088793902,161.19113855224333,0.18183157527931446,0.2943674598336934,0.47448642936060725
7.802677415154939,153.02943630508722,82.18628677593128,0.5514111802745036,10.0,84.15143537120873,51.14650426984274,150.95926333649268,0.5772957466861097,1.0185804846646616,1.6596272747568643
8.043989163738253,292.36426602734133,40.78986051579048,0.6027230544895558,10.0,22.885283425540074,22.982708499867517,327.8479104974167,3.5862818569946295,5.682657507837843,8.33117217255074
12.098120956075629,182.07443330738684,23.99938137000055,0.4969765558421546,20.0,220.35410027536804,152.10701086151397,166.26666023374236,7.356041640224597,10.58767269784999,16.258866143795785
5.0595350302909186,265.1663135216639,90.52635594036354,0.4475911719305312,30.0,387.2380189102261,198.33516776375524,280.02286032077495,0.2123129306162298,0.33097149430629763,0.5355632787632164
12.642044254003494,165.49540720329315,90.27970436597761,0.6669555315981959,40.0,325.7391379514972,256.97345538988594,164.30203759208257,0.5614857493011925,0.9237614028102791,1.3987158731549498
7.6650538745026395,77.57825105257217,59.9311489784652,0.5769609020156693,10.0,351.2389784868811,235.93648841651955,71.0234027192369,3.2879232215652103,6.560596914516857,11.684866597771604
2.1799225028613916,268.27338340116387,68.17380587536513,0.2946518278040161,90.0,202.01683065669084,257.8859512631817,280.9196902105148,1.0046289025352972,1.6433640652478234,2.7160223915438633
1.5448576325576835,47.21586090649558,54.69500455331062,0.7713513366559901,60.0,118.23782708128186,229.2202873921627,41.23239132270379,2.757628777834203,4.008261001121237,5.213292055168993
12.708901560072215,71.49011887127091,51.4824025324069,0.5950870359367386,10.0,266.35764279902014,212.4556220873111,18.250812128124345,5.586079016554108,9.768202585980696,12.812362707382523
1.3057347951497296,225.6569938023151,28.95863269465253,0.7915572502386973,90.0,102.97848118084924,7.990582896506391,164.39963133882895,0.6438377605526978,1.2566322676983155,2.067348703046346
4.568865823938011,269.01712806914514,27.256467377082203,0.7798829213882079,10.0,363.3881197955478,189.7001819837171,294.4655712748261,7.0933482972170605,13.278871573673273,20.00226367368156
5.344885587272414,322.0876392724134,37.45491100071406,0.743236805967063,40.0,99.28626152377905,40.542132221039715,346.69280843000735,3.7371673134846755,7.107086878097724,12.22230942537241
3.00841945527811,98.13113906972102,82.74805598049082,0.6287600788577153,30.0,146.3403700904564,22.306804038099614,135.87795799483996,0.6510487385741623,1.2740627179779382,1.7664977748023862
5.051453862128843,39.86073309619957,30.937422555176,0.5266005579478772,40.0,253.76584438317968,51.14158487116834,39.51016813055602,3.5591532222751274,6.34214802790094,8.288638604115572
11.269042217513743,344.1767974281465,37.0023988936033,0.22051946457804697,90.0,243.868257137604,247.8711876253163,318.32410138818864,2.416774158979929,4.826185949946975,7.210520527701669
0.7129012316210261,55.592311687971275,61.14605444916556,0.48034599219663043,90.0,300.8238388271077,224.43557096450633,47.200634834951245,1.002050252762683,1.4228802371739018,2.373409841982162
12.494014655549954,71.16011361167023,36.13484135587058,0.6357635656760291,20.0,219.28485564945856,284.88785953553764,71.38860391889648,9.451058383180008,17.96555284834875,32.0840316769538
12.919946341831093,104.87860328104766,32.240501353834034,0.4646000110938975,40.0,459.8171809465356,293.7979963018711,84.73783879534548,8.065182312896376,15.43842361433158,26.891062157565575
5.897792811277449,190.5808874494635,62.24871812734717,0.7077673898839605,90.0,420.1271130043969,268.51877598032473,223.55238190894082,3.1579050335118732,6.157978713842328,9.495832906105221
2.7273870363792048,317.8172037722681,47.606995324746165,0.1767591294341888,60.0,439.6776121670826,44.21318503821475,2.607261365142847,0.317444209441337,0.5354971684927948,0.9137769958674635
9.212185915203673,273.7965681827521,66.9619464380352,0.36665824363404387,90.0,315.12876913031533,264.1229085728692,283.36218219735565,2.005188496366227,3.7550233645057456,5.013576630122108
2.2352520600409678,254.93671938334865,88.41540053065073,0.45417509301556014,30.0,317.8689500145424,252.39795476265036,254.71944444938472,0.1,0.2,0.31722723475848835
5.791330735634661,63.065004428161316,31.324484857630075,0.4026277071083757,20.0,304.9901431742584,261.9703286586107,37.16566485867267,4.007142089233155,7.060096031286593,12.440942619396548
14.3972231230641,128.76574734935073,88.50752448597979,0.1760105834750872,40.0,218.00719305630665,49.74725704936497,159.69442527247176,0.1,0.2,0.3
14.934234852462739,172.22577339120406,87.6867475567189,0.2074698058312414,60.0,161.73089453256404,39.45358919312867,173.75190960818497,0.16223254574511436,0.28515682547499055,0.5075934969631245
11.69552092464149,53.07334325481091,82.18156875019271,0.686332104998841,90.0,296.4094408369863,277.52361947730407,47.290055286598665,1.2798786254188819,2.3106113475598633,3.2587534961976306
5.00894189385111,98.43469276560211,67.3464437979564,0.4390689814410157,60.0,13.740386732086703,56.278861494678836,108.05817453909286,0.7964120302242487,1.2808226392202766,1.7327185183450864
10.471143212908341,110.99995342302392,66.51099930991606,0.13410569872690936,60.0,4.720759280477714,113.74341065756735,99.28572284324021,0.4828776002630223,0.738678618999628,1.1540975635594413
10.728392299518184,45.81943139845413,67.94094949523762,0.11154388128435494,40.0,425.96927132207753,139.51553060074778,48.756934860890496,0.2090225078765549,0.33297551910518247,0.5839136739139879
6.123704579872921,198.08628908697273,71.78716634133599,0.4314327813960287,20.0,24.16559834403347,41.71054570972151,169.23695207005952,0.9898623800699602,1.7801431114419926,2.5912468233663413
9.792885201499312,253.81015074870945,21.236165044711775,0.2150651081471106,30.0,262.8727800163756,11.087114969601487,275.5518945337581,2.3250383781650488,4.199308871719273,7.1391616972599286
0.6555508521473055,25.175387331670038,91.85694343704873,0.5935881621994553,30.0,307.8788937118729,298.2566885812993,23.087166508956575,0.5619728896518719,1.0367220579238214,1.4354439441402123
3.5313360497325013,173.2043166347339,63.92028210991848,0.6567264237694259,60.0,99.88744358159536,263.6138872263135,196.38033384741414,2.143548978149234,3.1637110202116236,5.292208965360969
8.113780393025287,281.5960302964062,78.60993795518162,0.25980769591997394,40.0,447.96968829430904,274.139689158438,277.5733067395738,0.6261344584497662,1.1840894075568886,1.8691010803342898
2.8743939117452904,269.2764464228809,48.29613792960224,0.5145238614172466,60.0,95.85779010243913,88.94610543527496,266.5524522472013,1.3024559104912299,2.3612075775328596,3.2761955550417543
2.905649584209738,293.4263146387515,20.9297910436847,0.20811125043977022,10.0,442.37297869597063,69.92996395990453,269.17996607291235,1.0522246370258013,1.492373407785073,2.4759125878857016
12.62641221297845,161.36662794141853,58.230099490733295,0.3125078561160709,60.0,381.7321443971845,130.63063466175086,176.5617674017814,2.244327397890979,3.5939732259435964,5.954775374534655
14.84242853891228,295.40054975034985,58.03925894869467,0.7221568459270034,40.0,121.13073380857278,138.72921384851202,277.883750669888,5.3192426252927865,8.936469919082898,13.920496605045745
8.561556706412501,86.67110563713702,52.77419662335888,0.48086866403761763,90.0,76.22133897177068,6.651834464950987,76.94265817315244,2.2110520626771115,3.5738793153222823,5.048940173141834
12.666511097784845,129.89180211030552,45.47877906215575,0.7201220866009401,30.0,158.8001223829313,234.8796682051507,129.91274583195624,7.871008390072223,11.573925333435868,15.811682748923229
14.859664132730952,63.48800751040847,38.73695658572915,0.2576734629256549,30.0,199.57733256886706,299.0167762518951,65.9124911841956,4.412137411075346,6.725896554852692,11.962864737584022
2.553140384247233,168.29443419428586,59.56586558728871,0.33101704027406625,10.0,123.6465535729628,160.96380668011636,134.17249538993067,0.6752146063495253,0.9552509764467197,1.5550590531497654
6.999561392188091,141.14160806955957,48.14586047701206,0.429666496919772,60.0,499.4468828284572,119.53631502867312,136.52549075979923,2.6731879158709604,3.8917507280020898,6.633959012815821
6.1923043797078385,86.73376190915239,92.74489122873565,0.4360560526361801,60.0,115.59651578355094,120.86180850025497,102.63836628202665,0.1963135925315525,0.30620602922542195,0.5047761270868566
1.6607146128696828,270.64105532308133,32.96954808251986,0.7983535770285903,90.0,415.48677866444564,33.3427539907697,263.07429463260326,2.1225387038758754,4.015805360329758,6.886049363894468
11.452287505523795,112.98483796019276,43.97491757203152,0.18011172327979108,10.0,80.39975579814592,83.51773641738347,108.49020287592633,1.1989910657336984,2.0574476936041446,2.841840182847523
6.789795896177599,98.20955885250086,42.047035319342825,0.6963755249211135,20.0,490.1420680126978,153.1291726472162,101.45767986935539,4.491454418397935,7.432003941804211,11.508273138202537
7.305240545760818,47.12051910617822,60.74818821769677,0.7045774275953092,90.0,113.53620568325934,132.39516033473572,44.60131045523824,2.6099885810916894,4.690926647060687,7.66292132261062
2.6847581202919826,157.97581264870152,57.44601927306109,0.4872390420764512,10.0,211.42258883701254,165.7852499942175,137.36550260094944,0.9825549185884072,1.694815204732709,2.2908731533316256
3.1234364573475877,109.06726638142872,68.28053490682049,0.34082601778140764,40.0,279.72346931718533,255.47436634803495,108.34034390809063,0.4813834754018896,0.7119220442378691,0.9788774864660074
13.653002521265117,132.9382228827487,91.25013279306559,0.4634582730018074,30.0,61.022571862890565,71.44647929638553,152.81968628286663,0.5788132871675383,0.887653018643778,1.4353272060141444
1.1474117901270438,84.95901454339895,41.391581412040054,0.3047273933645947,90.0,408.59321367207156,13.160933367362025,63.935495598057145,0.30422305612917455,0.4665301382114296,0.8091278991366613
3.8763581316837405,274.73597633516414,71.95786769412473,0.6593752139079577,90.0,138.0680808077341,16.27650635840852,267.24633854544777,0.5153865350832771,0.9070656171304566,1.478705706726893
4.734860289560661,334.80120504769826,21.878015225388772,0.4487954110972311,90.0,275.0856808992302,44.57979756552322,307.16857856899674,2.686646332317634,4.5054377114433235,5.938628290816707
7.607864364823003,179.25546700399954,39.679135455021836,0.7480895252142155,20.0,275.2672715359302,173.29248051729874,198.08310601380646,6.161252004396355,10.058558352301183,17.956703919764973
9.00345500871454,231.47943240269973,54.77897959974446,0.5358839410492306,40.0,301.7176855105667,243.4145189611878,229.63226826594214,4.208990817247512,7.298320644454335,9.996899885254582
7.652704649834665,312.18201957841416,22.324609136085083,0.46002353318027844,60.0,28.68750727563303,266.6077520877863,295.1780269062969,6.746875829749245,13.37277660994166,18.93961099152742
1.7196723510747893,359.5786694401171,66.32520954152292,0.5977485477843566,90.0,85.14076215395237,192.3583945826165,1.4239814429806188,0.7762814530750246,1.2331355658732663,2.2042096510749976
4.033178083807846,220.86593450273955,70.87329563012811,0.452753075101164,10.0,81.43492921875874,123.92725947301356,196.7939302048305,1.0325526733645805,1.767851254112614,2.979742455394336
12.732031579056846,320.32060795435274,76.0048786128535,0.7331544452936131,90.0,151.7235784485101,50.58183890606349,299.6506973251446,1.8787175716312627,3.1716923538489983,5.608466607978591
9.745036156937656,327.09896876003114,58.74308786322592,0.22911217262078892,30.0,73.31216427231159,123.41841013582632,297.89629816299555,1.7921778956075296,3.2796601341721825,5.5862773993941905
9.912661226946978,284.92253561074403,65.295849873397,0.781344078622134,10.0,461.03873906637057,103.06246450279615,263.586950859596,2.9019349678328483,5.334261874162575,8.672801617454814
10.217947202594647,165.9353007863197,49.704893845886545,0.6685333862958345,40.0,256.96427080513905,261.6576348528556,193.08205246631582,6.282381149782412,11.543513703933508,16.648938536048803
11.562093776073171,29.21544015260375,23.09397743799219,0.7025133533054088,60.0,312.1639987036395,148.58221633612914,14.553073526951831,11.497252669632974,17.486306654546592,25.59017321552967
1.3425729849609864,5.689999958448184,27.49638918308848,0.4380354826597499,10.0,179.38659952366228,71.727790486586,15.01450241147776,1.1449382030330593,1.9114238173701983,3.3901692078426744
5.815821581522879,171.79222798185288,69.1246943151098,0.6860410845363182,10.0,138.84682437592187,90.19631471065506,155.06619958273444,1.2518752426193378,2.3619190475503338,4.086858779619313
8.32314781129434,177.95323207246238,94.66664746893322,0.3147418585040436,90.0,252.08540794587427,45.258698540093256,193.14390698772678,0.3160829454241736,0.5148732316374474,0.7618812055948295
5.407619007811228,146.65045963067,21.185242937247214,0.6333637249949227,90.0,147.86716444258198,275.9827074753937,126.1288196120437,8.613855494626382,17.146336502586127,25.490321827349934
12.744943662664204,204.54024646489123,61.818762261978705,0.19831511087231585,10.0,172.47931693915237,19.85202463975822,205.32480502012635,0.5198773979015738,0.8416149863293565,1.219371512329346
7.497301374515763,198.77857318959374,76.32565646619184,0.31493634117375613,90.0,226.9226862611577,8.789643323988797,199.83559938697272,0.11363396392735575,0.2,0.3
11.645100047160998,301.1806947717695,82.0081121010409,0.41201286435181306,90.0,253.3611099049934,58.98173539042628,347.73680150030134,0.1,0.2,0.3460667466288786
12.854224994776951,39.11655717441447,60.89036759169801,0.32562380270039537,90.0,492.1726918791375,244.2078352836346,51.72506293401777,2.4735929695436383,4.106654797121181,5.360225252766216
7.819476502100722,81.06395979799636,66.49369851380789,0.37091198093692856,20.0,112.43797149280832,159.42270205616896,69.2058795114109,1.2282633147155888,2.3427634330896665,3.5563765308357156
13.688507536134574,285.48179242546695,72.2543708955915,0.6740733213485887,40.0,244.50010627644093,189.62376977621096,299.1827716984772,2.8096731724291777,4.195306042969581,7.43164835630027
9.013297137786218,305.22127220051567,84.4224687270073,0.2796731244995173,90.0,75.60635800518013,110.53084424764177,347.98476161021983,0.1,0.2,0.3142636355182809
12.828977333088964,358.1367169035124,29.1717152902114,0.6216968205082006,90.0,175.64961712127834,25.260005737005162,325.54399509382654,7.3096864430881965,12.946631158524223,19.746498257033053
5.438566536077102,314.2483258993503,89.46366472061476,0.1515984483781563,40.0,358.9380486344957,257.5666579351896,297.39868504797573,0.1,0.2,0.3
7.732845898706536,320.36364254603916,21.95130526636775,0.6360173752605426,20.0,88.05660973652671,61.60881027699519,315.6256913637733,6.085568717674622,10.744193866373692,14.364517838490709
8.205460094566376,113.16525934676574,82.71498132183315,0.6544162699808411,10.0,291.09430246747155,14.752464160808833,104.82349480392672,0.7314454526167029,1.4453451443487106,2.0411789081478284
2.0222058804930234,144.5981882433755,25.755531991977293,0.38118914285173744,20.0,208.9338107604356,173.94772010029214,137.94305427677799,2.564562907644023,4.9324254491671065,6.635242765549147
6.279011347172339,96.51063773539838,34.59711587036917,0.6057344762172293,10.0,26.73819265783202,29.570320013457316,70.42599242353351,4.10347167366932,6.60348704286245,9.002862176953132
13.801396251999304,218.26778334937762,20.292060978584946,0.7405968826215694,20.0,466.60454549774386,33.24974629865109,246.34690442037788,11.944917310647396,22.885791065241406,31.622631117105897
9.647067485288765,337.9699275145338,53.394252915203054,0.6604990814881688,10.0,207.3879670061503,241.11122428734492,309.5177555450014,5.306799395731763,10.48138884481654,15.208649458388717
3.0738454453360284,124.07071914418238,45.07694200380442,0.37331255727787194,60.0,392.1793413398319,150.02482884880865,120.06646295173239,1.3170222265432876,2.047071759489776,2.6724692545878073
5.413406716339272,200.52064147732207,32.44946836152705,0.4389494599960452,40.0,208.74043087716834,76.24499341290719,221.43725331253603,2.2188378939066795,3.91874570552289,6.956055552828443
3.2782436401091477,106.66786696325462,53.831762060292974,0.6455502813500639,40.0,468.7428004678135,107.84479489105803,106.06416982033757,1.7208335790122535,2.7001295916503785,3.677332267219692
0.8599354110793018,61.1279905581747,50.17781623791379,0.30481621289438654,60.0,145.94469688001985,220.1260887587356,41.540107220119324,0.5496103729991542,0.9836598709254698,1.4672019173683462
13.948176648308387,70.26679073471604,77.5745774524056,0.6627179182162115,30.0,206.70309419416074,24.574472703197543,43.29327760723689,1.6763631494830935,2.441096017330456,4.246930434105656
6.999006259724636,20.860324033726776,86.98477295525242,0.32964979979265885,30.0,379.6732558893839,39.36178170029692,16.260340113171132,0.1,0.2,0.3
4.959258550101399,341.7456682833327,68.94254388253114,0.6641934076698767,20.0,172.4899903251476,186.79730032221804,326.60507696632334,1.1311204813036844,1.8684887577741147,2.880839938913518
9.177919277587181,145.03665906274665,29.330779154489292,0.16076031034550636,30.0,182.8141785962545,184.05666166779665,149.14128089680622,2.5357500363473964,4.443608570691872,7.6536349591068635
0.6060596162487267,300.2835211207589,42.1543096032388,0.1310781078374131,20.0,497.4167635336975,291.8763444379347,272.2544981662753,0.5280547359927312,0.7474706888718338,1.1798685136647153
4.5313205457118,245.2786101682888,88.49887226242099,0.7983728131588756,40.0,278.25164831948564,115.49209697035764,261.5393249060412,0.1,0.2,0.3
10.693985252633942,69.09161810799074,26.655086975591686,0.7086199862642824,90.0,345.0008463814039,24.19790001736718,71.40260857128003,7.995737635660821,13.573522732258073,22.637307224146074
9.689661709504312,63.16640876847161,50.514187954311986,0.7179932524263427,40.0,322.0876548426513,163.57354328064022,66.96313665552115,4.976691951579363,8.834377726817289,14.494303199943841
14.736186239366765,292.3157525437961,90.6878464425111,0.7658959633246323,20.0,414.1341494311296,193.31230946972815,321.13728810859647,1.210050058345388,1.9232545107184789,2.8485187031765395
9.495186790041638,95.29621582303345,91.29986311021143,0.4068214165901415,60.0,431.05072462142977,46.18282180694348,86.54030585559613,0.1,0.2,0.3
7.4238351676021255,328.78266613271126,50.84023827866693,0.30078488827610655,60.0,282.0648101026845,168.09428219288304,314.2663322380468,1.6560388184929238,2.7511066842746423,3.587256990028481
11.54077216616811,50.41994568821663,70.0547666074098,0.1910174965125321,30.0,147.98348140823327,63.341300889188055,39.46467312127916,0.7436241349106515,1.4622531833390855,2.5043958237698773
13.59825414347877,243.97510120360903,54.255919876549925,0.45084639347692523,20.0,12.377323539909758,254.19536707491517,240.12456981314386,4.380539785437041,6.731472177596998,9.833191047294282
10.950091227416097,293.2105953711362,76.50954045772562,0.25403382433362554,60.0,307.58722228109576,251.37264125622977,291.3912974753096,1.036738259183856,1.8718344593529768,2.5623260189949186
14.466562741466005,84.6922998296322,22.368599801974888,0.7548855997175238,20.0,412.9089477995442,131.74058331954035,68.07834509759674,14.142419234384562,20.22233190565678,31.532188980130375
11.83907497570357,99.43465084436377,30.811786169101886,0.10280221370994537,90.0,225.8193629503181,290.1892412012772,58.97294578370259,1.8851746397993483,3.4514905981374304,6.076061508902186
13.068620854797933,347.2267990101126,66.06491026576995,0.20023771642018512,20.0,83.18836410494129,294.0332929626738,336.00821899253185,1.4659450772139078,2.2620446002292995,2.9502500271971726
2.154509032162739,95.25513792461697,37.44141968322977,0.2725330971583988,30.0,144.75295439488482,43.12907123954775,102.45165125035477,0.7219050945648816,1.2062386120283424,1.6019714489267824
11.119995793409922,154.7845379640172,69.95392244518615,0.23926969811523655,60.0,255.48447582642044,113.47557242557795,157.50970408908705,0.8139104583216696,1.3190654984429222,1.9898399389125108
6.881286143146845,155.7056135672518,46.34171955959738,0.25804490560579724,10.0,418.50392826985563,182.09483366376017,179.69670296376833,1.3168623749074748,1.9327644463622253,3.1658352160354877
8.52000513496349,91.09250997468608,86.49841685958661,0.559233323542825,20.0,86.7048198881419,30.027153826526092,130.20224085396185,0.6538880932838947,1.051026484998203,1.6165315263396463
9.984484937494173,279.2847911173526,81.44445391699898,0.32925845481920446,10.0,306.46278797904756,117.88337362517042,294.471466546522,0.5903931575421889,0.9505772483556891,1.6623449853135908
14.562319192230756,277.8657635624959,56.96283500515867,0.5305170673323614,30.0,376.93093836132215,82.04576478489427,305.5161764106604,3.6402512686130666,6.236709204955146,8.245193243100163
14.776382180758556,136.19448512056283,77.96713153211434,0.723180553552404,40.0,468.0877126470768,285.8548151851777,151.52997096582524,3.0672667783286918,6.083650421966448,8.94339462112448
4.679309559574627,300.64528478906414,40.33534146763178,0.5217897358679915,20.0,59.23514214775085,126.41781773528379,334.8432699076118,2.4266793870272023,4.081700241888967,6.023258697008218
11.139425712849784,76.70697638364086,57.0694832608897,0.5861729539004671,30.0,463.26942544811413,229.9879032715162,113.72404906946622,4.706158654199358,9.170682855453164,13.481487172102009
11.374761300061396,1.5500792403643127,34.81115388974586,0.3558523087549501,60.0,301.13230005206526,119.07808223609126,20.573382655942847,4.083908321832379,6.8484471482507825,10.572926889787775
5.524146489039207,205.62025034006678,84.56646263907454,0.2118169273358964,90.0,383.5840921287107,43.884560773556466,219.7478532685585,0.24633161413285015,0.3607590487222093,0.6115906747218836
2.2961117355312046,357.8679980828563,81.73007124263111,0.3244088437149343,10.0,27.83358007470917,259.62970139745,353.7633546441089,0.26073287649061816,0.40103108293762935,0.5850808127704525
1.0937309241429365,13.911951537678458,87.66122513067509,0.7749978540928757,40.0,253.56792966465696,5.122990486415638,13.085205918400263,0.1,0.2,0.3344483206632203
11.77147534917309,74.8793065350458,85.81077359181945,0.535267969117196,10.0,311.6922073663161,21.502557822462755,68.12255990804056,0.5982128599035023,0.9542818743859757,1.3104511089342772
7.600646256345136,186.8092712953503,91.96971965446211,0.29425778360381066,40.0,154.11008609654726,112.49339973962776,199.2343035132514,0.25272951867346855,0.48511369759774325,0.7666554609028394
14.79033245767643,291.5786651201534,37.125217372394445,0.4156406870134727,90.0,216.39345384252508,207.63498537802727,277.1717043729664,6.489845366901108,11.728366523971411,17.44646140304199
7.242115114807969,32.05512182701916,89.88682180964867,0.6848591262016961,60.0,277.59476950451943,105.80276711077884,28.232997631420957,0.3796865142501451,0.6633066721124424,1.0411297351650528
14.679796196570683,142.28447535320197,62.84098935139983,0.5679104994940415,20.0,276.721421946717,24.562281198187613,95.18107764963597,2.3427956878770626,3.97042424766495,5.375457632743347
6.467852031813869,268.9472882267591,51.68713129386141,0.49245698851041775,20.0,21.888901178012198,98.7628099515739,303.40908612220926,1.7672620265481778,2.895415603946799,5.1443758872783745
12.008391183119603,133.75555502629015,62.02804219759047,0.7196140136436888,60.0,220.3014015228673,77.26935340209788,129.34606337456378,4.189998477688915,7.405049103333756,12.981843850859581
1.729879448521565,67.98111137123003,45.695176748770834,0.5707077005517532,60.0,107.6952592413232,6.598840946368397,77.09272011796156,0.3256107195212697,0.48019906460848805,0.8226761501491703
8.554194796997576,70.37849786277144,41.6414755220714,0.5499108115537669,20.0,458.43084396458954,162.76656438821854,99.53423175699949,5.110458625951452,7.6530135565679185,13.365157148768166
12.129866911293002,147.61756328939794,38.098575348314654,0.2328376960475377,10.0,488.3134150715437,39.41054484953489,153.62343203822152,1.9760430715339585,3.1258428821464546,4.292857364242401
13.908174174688385,172.5901469301208,26.182099209284512,0.17447207810868548,30.0,150.5238012796825,89.8114051950165,201.47702097198942,2.692938002776821,4.0467069393828305,6.279926218396133
12.427454813952759,310.253190413765,57.242367286039055,0.7755994819401794,40.0,88.41751322827831,194.1509999156123,285.41843417073767,5.857838343398785,10.580774583900162,15.436869532550263
1.0360755444170262,231.21087068447767,86.58212567854156,0.5192008590702469,30.0,110.5325713232232,218.90912820277828,279.1584024764317,0.1,0.2,0.3487385941304159
5.9041839489476455,248.54470362558052,67.26139769557885,0.3909783864025004,90.0,239.39837542112392,82.71940992252665,270.28690759535584,1.3782528299244703,2.0620130106021994,2.8759283967889737
1.2061278485508433,353.8753817529265,59.07317245668301,0.5123145746371524,60.0,437.378293957476,102.11213296424403,358.05943160265934,0.7871347889010192,1.52827325069984,2.1548235273493686
2.084593221161091,148.26363850835054,52.144468868818734,0.14326837275020077,60.0,250.51807125388217,77.83822524760224,176.76522516085944,0.42669875632007603,0.8527685112812932,1.4014032969762837
10.29193161567852,145.20758516968618,54.830121973789396,0.6754890917328747,10.0,28.640638795933526,287.2821370932766,121.83488744989874,5.332087595298254,9.02484771646519,12.133454974060685
10.842243846519624,332.4049083812924,35.69580106789632,0.2516518748950352,90.0,20.90291575385886,61.20331946128383,326.6326108059025,2.6386948621360546,4.478451086913562,7.461921702728703
11.71894989989858,88.51521132182111,81.7201907894823,0.6631822044225629,60.0,114.46808186580144,59.0382780719345,117.4002192498687,1.6386537789557725,3.0545149731661385,4.380368873550941
13.049119946807112,262.733488669032,34.878722246114606,0.47406491028452746,30.0,421.542867527105,136.28541227030195,225.39228505113272,6.199055100057138,8.813281851510638,14.369771236829083
11.221756292909394,271.64632975852845,73.74670675454848,0.29360040955983197,40.0,311.11879821003686,60.8453759641679,282.8554852577046,1.3178199292416855,2.1825903523764154,3.79010938297476
12.112638085546164,35.203679080359514,76.99887586221145,0.12114696376944933,60.0,281.9159690393594,51.2289946042544,45.84720227726259,0.1071305556028776,0.2,0.32096113732349907
1.209973792437549,168.56330604969025,63.11517815208007,0.6710833487286241,90.0,160.1658266987384,33.284463621820215,207.9478223861335,0.6976868425685384,1.1445942168067713,1.6096907674128798
3.9007596813988292,72.20248967575945,84.71947812161214,0.22352209902851466,40.0,464.78327711804747,193.8505181919336,40.54338128131472,0.3547668285030646,0.7060899725378925,0.9352746065881585
9.517517713941064,66.73509820889484,41.82877643379875,0.1362635809479114,10.0,166.2579442361041,185.56426519605932,98.92771934952751,0.9741820879593097,1.8043605489722194,2.385918558893655
12.942816917059936,166.97811976663544,86.12129159321475,0.6291144115781167,40.0,417.6372619138204,196.79805310400005,155.7887049036574,1.1268468712872064,2.2435831376562416,3.016286499408186
0.5652518116250573,104.19469470290339,74.70578446994782,0.3450302556610852,60.0,448.05585546996616,233.1235023627719,95.2545055046663,0.45033201237771714,0.8320465646867273,1.322878285199874
7.962125460687072,286.5817611453135,79.90623708213207,0.372533803914155,10.0,242.18417159485222,101.27561377380987,262.14167340611766,0.3313650295480456,0.5848148885148563,0.8620808478141462
10.32066729078376,326.7377609005737,69.84347821454855,0.2729473110965033,60.0,447.2503454708906,275.93500141551687,304.9807201512352,1.3192166407392836,2.4438917011889147,3.4741227738250675
0.9293056923648916,288.9794179038116,83.4757262742477,0.701424935087828,20.0,139.1248404081325,221.29536026528302,297.0498648528901,0.5753321328044418,1.0329829566806452,1.4561478119312374
6.319655584524125,95.7711141437995,94.4824147038227,0.3081306682745725,90.0,329.5582796654546,242.38903363145013,73.52447584817239,0.10285954713247907,0.2,0.3548581531903099
13.486705780063604,98.68838172789901,51.51221408934789,0.2471347988257167,40.0,44.89391051366874,217.6838383288798,113.49406840095732,2.3622974530568297,3.7218653101125336,5.059534549185826
10.238385728409952,91.70220604228827,81.04367627821777,0.3164748084353093,20.0,237.49317283210456,110.74441540260574,78.4428851028932,0.5469456483134758,0.9364293831795107,1.3600767834653957
3.946046268728661,48.61371458024499,75.84348196385253,0.24220470261717789,10.0,109.44856927701561,88.49458397847731,24.353038463272036,0.1747024242296927,0.2716790558444506,0.41722802129653636
12.865326379662733,339.767412517336,53.96526242840135,0.32235865456364526,10.0,32.318875687370834,129.64253552580917,329.21122959013815,2.4903384884128683,4.213667185945033,5.478714418362701
5.546455639437958,144.73720733654497,89.5211749799384,0.15805535600772114,60.0,2.859028530732745,33.623956357340745,151.47135117167107,0.1,0.2,0.3520953187475725
12.873497731588861,80.88821083651455,49.5819447179446,0.21097102038362087,30.0,163.05130610396338,138.1277479619544,75.34114559789415,2.6571913133650154,4.6214856060724285,6.236922643284099
4.834682941224131,304.80157818296766,62.40994372071781,0.39193701837730355,90.0,295.17576667384463,17.726590013095752,305.48578054962366,0.30369002945026297,0.4698601680022065,0.7711510939503544
9.05964363780566,143.71030895680457,27.945676774322116,0.7156267989129135,20.0,228.1599434779275,6.164058208022376,157.63445819352626,6.009935489699988,9.47264914394516,15.292954899078664
6.255630982343594,12.642051999479968,36.93313955496997,0.14010352270560011,90.0,151.58287996122854,279.79218714503435,34.29048103181894,1.260309181278919,2.1417907030734282,3.6507506355234938
4.484963235948472,58.298965289867226,83.05221279003206,0.24887229473202147,90.0,495.6088153573493,208.35437387342841,52.097059118078604,0.9041256498255326,1.3539424022318527,2.201095857252246
13.355084651492103,230.1301225282212,49.741454212163546,0.7358419728791175,10.0,469.82299494985926,170.74484938446085,209.24568221669801,6.574104977372677,12.999818798202288,21.900712942375275
3.2201083881226245,281.8458987018206,49.55630670614437,0.7230102719119452,40.0,63.701000111910936,105.62510162980206,283.36778828027093,2.417879049085492,4.033425046497464,6.092989905191632
1.729768072918565,75.93637985593665,38.448576364296514,0.5756155833071589,90.0,208.1386059075789,173.30871433209688,85.34937157801808,2.6303085909089132,4.238393877724088,6.545573109903238
5.457940608912075,330.2624121358112,56.87077507230908,0.2683314878666666,20.0,324.7746200628118,268.01485401980784,301.04790601637217,1.4978364391749595,2.1232100582496645,3.505061092128613
10.905767640802729,306.3589632187792,80.43627210129668,0.39386739273905,10.0,367.01190796743845,197.45213951344007,288.5467972786275,1.2766880483798846,2.4333069280095856,3.8548773456169756
12.207758286656086,305.4170714619891,87.13730883303047,0.24785469610657557,90.0,183.8197052998357,182.73218939628373,291.0333335427303,0.723373952338684,1.2843507049678209,1.9981533652848067
14.98177886596809,81.95801284771709,25.258582403313792,0.1900119563876423,30.0,373.3946245549385,140.76032837664502,77.80156907330955,3.360716493777263,5.5446548944695815,7.777926573925318
4.797249826661892,18.192955914020775,63.11155484300866,0.36599887615972404,10.0,62.95085644242847,106.98062404200311,2.9722778414850595,0.9931459657043552,1.5367142974527597,2.196047914024499
6.415158291403592,312.2724742137301,55.04550259192509,0.5030751235492452,90.0,166.57450000359466,211.07139860690498,326.4132887156681,2.1189320532461164,3.9138422108471698,5.789545691366575
2.4839085314295812,110.08808234588426,66.07113878536838,0.3519528728253637,60.0,358.5001547021966,294.3893775996652,77.98541831671591,1.0820524597639223,2.128705297864804,2.7771987474434607
8.835642979533986,222.80989722246932,53.54567651812018,0.5275771853261788,10.0,313.21571233992717,130.3035195885741,191.21552327858083,2.8111366143792234,4.5778961241325336,6.906588220466269
14.9649105403123,273.5880781322628,49.89836156400614,0.30737831476551386,20.0,418.76789721596583,120.70053518418923,266.91030190203355,2.901030600479709,4.296210601655918,5.591020759616369
10.662774646749549,46.18557306400326,55.391053432211706,0.34209536943255325,10.0,24.381654310910385,131.29347434768755,42.67251698120612,1.641981960634821,2.406352228019497,3.808070972972704
9.13058618599389,281.10180762685724,63.64993465673106,0.6534715141512267,90.0,88.02146719370121,130.53547057466784,252.00893016969516,2.833112694453802,3.97717228298386,6.570345821069055
6.189351847366013,337.8641252259837,57.57374082738326,0.7148203116257007,10.0,25.19879655371126,297.2343081437061,325.7291483730324,3.5633270444978096,6.579231787498832,10.402254396959089
13.771832024140544,262.21498766870724,55.41083382654846,0.3254238570717365,60.0,96.86499790035644,213.49958596525548,254.19411132032545,2.8421402127274704,5.6525542723322575,9.308400197775422
7.705290643890067,158.8401894530009,81.33764824685605,0.5000610609416934,40.0,3.137122505834569,110.95941251712455,150.974230512558,0.3483040100457762,0.6951070567813089,0.9036437505938754
2.448320243039392,315.604129950613,75.92359934283934,0.2947135987245877,40.0,252.60094053775427,114.59320027888316,318.6417596163988,0.1,0.2,0.3
5.797987716387436,189.88474682612122,45.603387063589466,0.13733424919519926,60.0,264.6288833885595,132.08509279949644,176.65316913764997,1.1034490041389997,1.6522055229835613,2.7248689310842154
1.47391669829262,268.1175340140315,80.04328381364903,0.6165000269522857,90.0,329.2879989215914,15.83009533623266,297.674260014197,0.3480258811063857,0.6913971504650654,1.1763777328072305
3.4286960464873326,295.3821397890975,84.02380017533751,0.21970243826530525,10.0,193.0713111533207,160.70583859626876,305.14623258376895,0.5286972051338915,0.8441645178597178,1.400342973496137
0.756197324498727,269.7670302116421,31.511915403064286,0.39799876662284206,10.0,2.600637651906819,244.35738069921558,253.6247597988157,2.8330155438200446,4.533311484997392,7.396125437427556
7.072558789252369,103.62775537733543,63.70118462980691,0.44093184536540986,10.0,337.27168604941096,199.86749899621563,105.5179852446869,1.5463361803039257,2.8025830514159558,4.634607299072617
9.700833841801058,42.42380432609919,41.39839951994104,0.22913010892537417,60.0,28.09125278620838,63.534149794654766,44.90411069821129,2.205670336011962,3.152850272578118,5.2646135039227895
5.477740704494162,85.80187057034165,75.4379241445042,0.1661887454643774,40.0,433.2190449780542,219.77010120661913,110.09630006029727,0.1,0.2,0.332437749836757
6.595535686826518,181.03497731292717,37.90889970190125,0.34360911026974944,10.0,12.304339866260744,217.24028886794895,169.02732873460013,3.291684095245175,6.578030283290867,10.978760426057773
14.40853445624635,181.8996920255145,70.3552643129774,0.7666001352852229,20.0,265.70708650505964,82.44906861645414,197.24646597992597,3.0317237813083238,5.654291780876794,7.559843826770114
11.403465262836274,209.75196575323352,39.13434920432255,0.5305949129918951,40.0,447.56402331037486,188.74802377279585,210.58905526888307,5.878127114556781,10.986254227045952,14.629689170189527
8.342421235701792,142.23666151724072,58.33578225724574,0.3669871598820318,60.0,286.6722983186013,185.22996477097118,172.06799184621605,2.1238364894010453,3.4707485346782434,5.138651351985049
4.625842689121466,283.28089732201,91.14848509371441,0.12723757454195045,30.0,304.5999565254211,252.73734903757355,309.09872637479816,0.36086148169223625,0.5194791684383709,0.8123606702421947
13.506453582208431,328.7353501249948,48.598065384232584,0.5201912969737573,90.0,341.12381332036546,45.14133199086517,332.6749362168468,4.507206061805583,8.45371776527418,14.213316216993782
3.9089081947695625,88.82101925260966,85.68038644724058,0.16458034865476082,90.0,62.08201501750304,62.477358830899206,83.57536683228845,0.1529156601933313,0.2688708181299644,0.3945286461053714
5.217469592491818,265.1483583726797,94.0208435902921,0.4797808497332685,60.0,337.7886233044692,148.36100361150255,275.2804765662688,0.19249119059030512,0.3745114789777896,0.5383821743021807
13.681439809132753,244.06986691621609,85.61381366038725,0.6263653557902201,30.0,440.2970861243948,18.022818923230574,240.46086637367276,1.0326384433555857,1.5175424699269862,2.565745708716311
8.17835980163355,188.3125797405534,32.439952229250714,0.3965097438063505,90.0,487.13619558482293,127.60028829250344,221.9187218601201,3.9099596584049006,6.189754842294998,8.818348286808474
11.263610266560661,67.87088419469768,81.47436646513722,0.3095880463715671,60.0,222.08294767981516,237.52461738991835,69.44028575823792,0.8835325846804114,1.4281364967606476,2.4427142099288393
9.065799515374609,286.28361308977543,22.411204632542095,0.13316896367231904,40.0,172.90792098709588,48.870746225279476,278.1707604395187,1.5078250042300685,2.729114743578127,3.7895580577132084
9.97486853063768,345.82546282637975,49.49764127744809,0.11734451261311776,30.0,376.9014981825622,140.68487739627483,336.63316110490126,1.1099824278284542,2.078605372150653,3.0757887816901746
4.841057726964971,259.86107960410084,85.30500299883978,0.40101859875186485,60.0,271.89426975956195,296.9819238478212,235.60036790012668,0.1,0.2,0.3001075609426391
3.999894893586612,330.42959878526426,71.65641595699398,0.7183416894920776,40.0,129.3950225730602,154.246403960335,341.5607813471307,1.2972827585848186,2.046131829972623,2.966390308787163
5.176139033945646,354.3066953812799,59.95553205034086,0.2708439451552333,20.0,86.90678459988177,152.0055281160167,337.90647132848983,0.5199150887436841,0.8818705345406341,1.1479118766247978
2.753902679209626,126.73824272612575,49.089801881196536,0.5018388540472749,90.0,85.9449199957791,169.8441071986296,148.70120776988068,2.0080127817407756,2.8461102451016944,4.035085974382878
13.177558296716708,229.7604790534813,80.92227098527145,0.5790140737758332,10.0,230.12934126646988,59.871289248158654,203.90177797344984,1.68695531555829,2.6178049892301662,3.8451020715314352
4.607080532126654,170.61578554970808,73.21688029611656,0.14258090725095302,60.0,85.8920784022094,48.41334539235356,173.16061452917307,0.1,0.2,0.3
8.641596219008576,355.18634887076286,55.1303989711755,0.20717026306236397,40.0,10.8397530617314,204.819615588957,18.190824040711902,1.3327282345369411,2.3406489067195606,3.962198385733887
11.983629164549924,33.77081664278097,86.93632529072448,0.331893755393697,40.0,26.99229870987531,121.7512089222022,350.72587535030823,0.6652309604108722,1.1192559445224868,1.4815410527780712
11.865449585947847,148.45496914700087,37.24610133639743,0.5690652219039994,10.0,465.01238743252986,90.52245532356534,188.8202800228446,5.447876898940259,8.818396813555747,13.178867844460685
6.856600749470797,315.19405602980504,32.779363186896866,0.40732457855966786,30.0,37.40770923890774,14.260527876369787,306.68835208584284,2.312808865654955,4.103956244226323,5.412124011584342
7.405730974507522,102.25847178954555,68.21028232501862,0.6139365477527717,90.0,37.51716459989881,254.58489666765232,105.08037943278833,2.4540298294105143,4.655710314432106,8.21883614512572
14.92317535955786,283.6054262299942,92.89957570263277,0.7073185059012348,20.0,226.14303432123268,14.53701542422566,295.03441074032105,0.1,0.2,0.33902094370310965
10.28166341619585,137.80193860089204,38.544242998007775,0.6308605936189801,60.0,123.30504088518124,226.24502160457922,152.3245197232031,7.0530310337917985,11.325231977605918,20.284405546321153
12.3122574252093,352.792274360457,38.725278420036986,0.7945730451192744,90.0,481.38423223407636,117.6866249045814,358.2699531256506,9.145539211315258,16.67189902335902,29.260520970108118
13.587032553678863,318.07074111253473,30.462413597164243,0.6280527481121548,90.0,455.5819339094043,181.61290409887178,338.01843278666206,10.395365841433094,19.405698454205393,28.29169170230272
11.920052625325418,108.47532875854152,84.54226664552242,0.6965254365052154,40.0,202.96688108696227,78.06501020359788,118.85674301697777,1.1550965526759238,2.189183022424403,3.6029392615839453
3.1851005018267298,277.26952087362787,36.97981553085006,0.6826564509255006,20.0,224.91702818871335,50.842901538461575,312.48714367427397,2.5758120463447245,3.9296555900692085,5.710878258849017
8.651475639194796,121.26835577997673,57.73838950436659,0.6111860335960326,60.0,188.18171288470953,162.3494602463095,131.71490663706868,3.2954201294829737,5.67985490082614,9.906266705439323
1.9774652810609008,218.29062247759265,94.31543585016534,0.6612612716591234,30.0,19.89519220492098,210.20722001147237,257.58333287525437,0.3281030321043972,0.6365220671584092,0.9582053202473626
9.967370835177977,237.0530766215851,20.91056756915327,0.7542782595071872,40.0,147.1305727880996,62.67052200881823,255.07465342633822,9.379763578278624,15.337510571484216,22.82135331675217
14.35256670872326,298.6543472708538,61.73645678830956,0.4326451649684049,60.0,62.21406133638007,133.72588949260643,262.53934475548857,2.792749815718417,4.630183294603812,8.135391197819288
7.934614932351614,8.802302717525357,58.421678202870936,0.5468009167387805,60.0,52.082794677546254,136.17321623596172,61.02435628528218,2.328489095984803,4.635774426187764,7.965976367398651
6.778101146582624,79.25684081482788,80.5585532307616,0.4604578051009409,20.0,280.86992489525755,68.71384897844152,67.76995864528351,0.9423942489414113,1.383276046587161,2.46666722029632
1.019719895563366,256.29041181188836,46.64611546645827,0.6957258910344511,60.0,50.283663999067564,171.68958664437866,286.2012921159231,2.6302423646442765,4.795881857657554,6.394080916633257
14.416730573773695,202.86836530903344,50.77560191742812,0.40195172201005513,40.0,52.36273057383654,48.05102760060169,203.40423417142222,3.684571315645785,7.037938270411432,10.005621752749198
1.9935389198873024,178.41782815241152,32.59534854491477,0.6738087398013131,90.0,240.77634369485494,155.37600612898112,199.6396333044631,3.2207924386876354,4.800514185069466,6.962804383752209
1.0956468529202805,19.875584414872964,75.561142372684,0.6595482025399972,40.0,221.69890019619675,38.46229585296985,6.1060061975570825,0.1,0.2,0.30243520609547625
4.067965866821607,125.37931804612424,78.85316818911113,0.7733202709580134,90.0,69.67975778105232,148.23501061226554,137.894208907916,1.3478640208255166,2.2668955783483775,3.4832324564251413
1.4501912918165452,311.4360834878334,30.24974905841227,0.2742444894801932,90.0,3.220063379622637,96.92172118828927,306.3722725799453,1.109545749635146,2.12115692308519,3.0666333793518525
7.099208714970554,11.121421332971586,49.50928054912413,0.5967336569201387,90.0,97.29424644215408,138.41265616405283,42.70148356476936,3.50886410759974,6.822885868981879,11.566328140779923
7.98327311822813,142.71704473133235,86.96787465220122,0.6298436483532404,60.0,118.71023483683832,132.95606103573638,151.49040807967253,0.43392213886918574,0.8346453036016042,1.1782037330575907
5.0322642609144665,340.25338356147813,20.203045525684036,0.755394944963266,40.0,400.32397336082494,272.8402712314849,358.97223638750944,10.01987508144873,14.414903735414379,23.75948986666678
1.2389269973358479,18.317064436205264,42.406930296697425,0.7348316926388718,10.0,457.8037369130803,149.53100198715651,335.03552700674385,2.091860450624623,3.8785460031239496,6.6939211020748095
2.1182053396137874,269.89407037606924,61.628171378941076,0.5014681031959138,30.0,203.5662543464969,246.45717664367794,268.1826167802967,1.6920099042924448,3.3043541363821958,5.2930767641436685
6.075313480853957,92.74054182553313,45.0570394744965,0.5054072301047859,30.0,203.10833652398793,71.56745590895599,100.95157452669905,2.8582595117446483,5.067148370835744,7.484580794263839
1.377662536984774,311.97917957532206,40.40338918832521,0.2171038598829606,60.0,356.5281605961735,108.86442441710636,316.4514777041162,1.1093566689008592,1.9530508553860162,2.7224466876476767
10.623751021343745,268.5844724253714,54.50281136774095,0.7824738916966398,40.0,313.8340858366398,27.151367286791324,287.80761669972844,4.31128990666538,6.1522246327925565,8.411156005896503
3.5017978521097737,318.85386150901064,33.61423310822703,0.2785122238923988,30.0,92.88595316001117,129.12059947234061,311.53577660626155,1.130117272339227,2.1626148037275255,3.616080898567698
4.880037747362758,77.73292455525576,59.72189307196129,0.6073153529159045,10.0,54.73687202563482,202.26646668710464,78.70866665594838,2.39984986141949,3.4266067534024267,5.258354215001578
6.214823769082414,191.26539173469777,73.00219409849194,0.6570565033637188,60.0,219.36833343687036,252.25927506227188,214.8899270229976,2.466169326820612,3.9165377225065487,5.182205173976797
6.540839679502644,280.53717968692825,63.147121447137664,0.40885085322796677,30.0,282.8493532182187,171.9448989807508,234.96339961802113,1.2524794770216041,2.4492459605129766,4.388852217753016
0.5240802612846077,88.45190747819315,26.983199814389817,0.24783560402034063,10.0,70.21509397624583,193.82143752995816,100.23891751095998,1.2572828259612903,2.4766549105421882,4.050944546010987
2.125020379481114,83.0686698961981,83.330646062418,0.23227226895378075,20.0,147.34347321081384,57.2937878969997,76.39097337632704,0.5220061998328407,1.0414756188135632,1.793516077027144
13.010086174242732,9.78556805913061,33.12333781156161,0.6995472006311142,90.0,153.66555521885687,15.975781278864616,351.5392055680582,8.00610074118663,13.49701585283028,20.503240330327536
0.5178794064226679,345.06550583116285,77.36090004583465,0.45752954072396046,10.0,131.38780231105784,238.5480028273082,351.79639031668245,1.26423249704777,1.904512814949669,3.3856892080479306
7.868426659286689,255.60607681966442,47.04238330818878,0.1630958874267867,30.0,230.91987187960373,54.27627119517948,280.15510275583756,0.6552050008078139,1.1091092018631503,1.552489480776539
7.597779094354517,228.80172744366655,78.70710110420768,0.6019136309340221,40.0,326.87872857554953,31.895012982161965,249.58460407335016,0.5212980992113019,0.7618186589181478,1.0608843330408693
5.329865334654248,267.8381001701967,35.47046775540093,0.27511973696352077,10.0,255.18555192438018,281.5808846674456,265.1358395520641,3.049953439937439,5.866651520125967,10.238288788744496
6.75424179212352,191.38065073035818,33.99965777715723,0.7134763255256155,10.0,101.52682456142476,289.2388023974571,208.89547000557715,7.789832630511757,13.52566042090618,23.613889646812503
11.818426494135473,171.40817559254774,57.276938466311165,0.3167002502209827,90.0,52.36658447665248,186.79590102273593,188.7695335614646,2.147468796093632,3.527654592308927,5.466135159837772
12.697453740116869,161.8316068044675,22.470201102377036,0.2401895810631002,40.0,411.1133609864515,116.69799544275156,160.08418139460417,3.9358164183740314,5.697953932476906,7.765702541290548
4.275053879521126,230.55811635731087,36.89730040867501,0.15940091048845403,20.0,240.17303667617506,250.80566458439532,216.6965053175467,1.5904582329059695,2.6133525485191957,3.796177417522716
5.176111394032082,72.55259114125795,74.30091891382612,0.45807179564635325,20.0,32.00745288280473,65.39238800394666,59.84791051881135,0.831685804650209,1.5965996853934046,2.677619283833692
4.016001368910825,319.7011302053531,82.8037608729069,0.4155163114728012,30.0,129.80262832512943,131.67073659175617,336.4581971827158,0.5113852372492266,0.9317661779463409,1.6054293546761966
7.458019307990444,292.23085363893546,26.058902295335784,0.6259185012222,60.0,402.21285541369326,110.32010320517752,291.38791736468164,6.129983740393058,8.885247825539032,13.095321468919721
10.407246186052788,125.84290012273219,86.15582820785782,0.42522181103512546,60.0,376.1114360620014,274.2464972687961,104.91925572812042,1.056585580066055,1.580593196920129,2.1031639264472246
3.809666694219598,208.29934685250876,79.81379030398843,0.3406711782470597,20.0,438.0324998157915,276.33433753187074,174.60209014232626,1.7595519916155447,2.8775450999530094,4.698637905172778
5.295668259795566,50.76982798200526,85.2263221780224,0.28315844094306086,60.0,301.4418251748443,197.0113482654816,67.40645702393284,0.5028025007439727,0.7345064880941259,1.2264411219537823
13.990576955042682,350.0446492560953,72.382141593413,0.2947027218289798,90.0,212.03006124466944,37.6683413804441,339.1090808108108,1.036116714054641,2.0312288140603463,3.0712328718778457
1.204254702780892,325.04136754690205,70.56148004704735,0.7494935312794698,20.0,213.8908637796709,147.24687294919923,331.6491226600217,0.5240099971982031,0.9386985275651455,1.4939845205609126
7.181159275973711,331.88310233971214,59.38199250086478,0.21555502146146865,10.0,97.80602220197892,77.37186803609674,356.6772404810946,0.5801888799314228,0.8452735824549548,1.516155178654489
10.817591603153279,119.57869717324259,68.95904183684863,0.7917234971900051,90.0,325.74868179742305,266.0501206394222,93.4002076361729,3.6470165676023765,6.830258367557863,9.716037744483357
2.681583167583374,60.88849465782807,88.93322484249539,0.32884361863455736,40.0,292.94930929033416,45.82882570977956,59.985747047571174,0.1,0.2,0.3172977693799251
1.1869232900794868,76.23797884787172,27.539150106253132,0.16187316479224823,60.0,78.27734130298911,21.02153137890867,72.82409592349433,0.2575532552889789,0.3984148963822059,0.6396472302284627
2.503977888758696,32.40050077623235,43.68233583845684,0.2740832665515055,20.0,442.945797102642,212.8065648972731,39.995358288791564,1.903018328273275,3.3150407343931914,5.21970931589591
13.8229363061949,43.239826836498366,25.43412301969039,0.1408900656882331,20.0,184.86563345198792,138.7193921156051,68.02302680490706,2.7877564513636557,3.9252259821342874,6.808558738115511
0.6342668364062896,25.66963230654434,90.86038789580289,0.6530208384147411,20.0,25.819643995013173,252.31764184290992,359.0805960132962,0.2137225178103255,0.35889110075476494,0.5751243405294204
3.2306686347646014,356.3363049137545,53.3949099499541,0.4587870387787739,20.0,164.61257946911212,27.01574119494697,7.732263887869806,0.4981378816350947,0.9495917733532586,1.4756133988747218
0.9536109370738459,26.660766012866493,70.65083530071414,0.3358906332067607,30.0,435.0585006410763,241.31745911931353,47.29124151274052,0.9841549580524602,1.9258284319419108,2.6220298794745736
2.1041272796519475,47.715149142508906,83.0840048378241,0.5634347232420938,10.0,458.5613363450305,16.013752089026706,43.98760786337325,0.15566263226317806,0.249921465358608,0.4127714417367236
9.492164656110296,297.8116544126651,94.32501860573664,0.5414525681652242,90.0,245.70881021255713,13.280653514617306,295.06271455480265,0.1,0.2,0.3
4.003764176716744,208.88647802745953,32.13368433441993,0.7579104624593133,40.0,478.21363009663554,141.08814676065376,217.25546540715797,5.083868524481323,7.809300257636617,10.255836472474908
8.753574731244814,278.7901936449597,79.96344542886715,0.7728823617238658,90.0,437.74566279677606,70.28093045579229,285.68653520275546,1.5236606105257415,2.6452696085926752,4.084998810421583
9.05783305010883,227.1283227981558,86.55671736025522,0.5764786429657838,40.0,412.79012783251346,180.14701856692653,238.77537494549827,0.1,0.2,0.31724452721477325
12.816812329801795,317.5830253184213,23.66565326381567,0.672471149070918,20.0,429.9953222764208,12.616013292383778,328.8086358464456,8.836729698776516,15.400775395313605,27.714111617405177
0.5687501972221718,229.8483099953066,76.556792013918,0.654697570234625,40.0,191.5558306722429,15.439914997078667,210.20886388299357,0.1,0.2,0.3312326794455287
12.873857160464318,187.96503344513434,46.60439908974128,0.44391247288992985,10.0,378.47800143701625,219.50880637072243,207.77036339923322,5.020379355188415,9.863737795099487,17.007995340721497
9.477226753191124,256.5898897540679,68.64475936028239,0.5931208016233919,60.0,289.09216253499847,66.99872293523194,279.92555299787267,1.6450911584751553,3.178563681106057,4.682641005654227
2.859780548521885,161.0613906451594,58.55361470291486,0.15478130537849916,60.0,360.122316868413,198.6430514799164,164.78304851896536,0.2400599401785785,0.38461226113466584,0.5978633528709216
11.707592127961618,124.58297624570449,39.48066890649777,0.6306147582052148,10.0,89.71526768280654,226.22703764272376,94.69987011471115,8.030051060529175,14.984057077672077,26.778525283515304
12.904627355963493,168.35488288207648,30.14160215029895,0.7732831050346574,40.0,365.96556197569606,22.502693888865394,166.05996876207467,9.160542464447216,13.349681237287534,20.14058767007331
4.186820514435281,61.09707783548184,28.77104248169062,0.15948232718801691,40.0,478.8386246628917,232.07741656695057,64.98519537429321,1.6299053492380198,3.005898412212643,5.120984438930414
13.822508373088873,286.7658227289689,27.74921432813688,0.6852810492142982,20.0,152.02899786833336,84.18425929857938,263.8738179732325,9.949757329555,15.615900138475238,24.407566948329183
7.089632739330538,93.85336128094006,67.83425301009333,0.7530860186544899,10.0,493.0945006538579,119.91605766892573,86.6506000093998,1.7359218853139957,2.5715687483238705,3.6310060219267632
9.249654587833161,55.27135668133709,46.35581385496536,0.2583322228614435,60.0,189.80963138788016,30.558561727118423,27.083968930166254,1.7607241551285329,3.1814784126753044,5.059216618778317
14.777418237455832,88.68680704196164,36.24750786544043,0.46736783132644266,20.0,100.6620250134954,252.39584509263156,100.83265154169052,7.699475305523634,12.949625023033303,18.24642327952215
5.742273140268391,303.1452546380063,71.89138195294274,0.749500757824092,40.0,57.030828670318954,170.41499196610036,306.46436093604734,2.0324525764283448,3.491923766641925,4.544785905578745
12.290810514391636,118.8724664151833,71.51371743248501,0.7721582031660775,20.0,392.6959947308007,153.8762569649158,85.9568031188984,2.8119335952043816,4.814924145679276,6.8273120997691255
5.116787208512664,246.97795302212407,60.43762192677483,0.18951766904662148,40.0,277.85787478790763,290.7236692163129,254.0072502537637,0.6485798923885561,0.9311459088462019,1.3004122261582218
12.08859607250162,308.30746703606616,90.12183626493882,0.3443029578888155,10.0,154.2585155373524,103.67919918249788,307.17728808826035,0.727117685077946,1.0403804517765218,1.5454441582635916
9.210641823508317,27.988080093015164,48.9060673581066,0.5887012488055997,30.0,304.61673452708516,267.7798895106253,38.31636574810326,4.701994125854242,8.278803419526982,14.440703988303788
3.6371575807683207,275.4087858640955,82.68972284519697,0.2550909495701512,40.0,166.71849273266136,217.30792491405825,267.57813718898694,0.6629856835542772,1.1763479527903986,1.7573774231831514
6.503378359943928,110.7595678964508,25.635455594914724,0.3273394400441366,30.0,224.7305209069009,278.9158000764105,94.72997988159032,4.747855694844109,6.781384764862971,11.681571444580907
5.105716698271644,77.98405110625536,75.48733205288784,0.1163037420032853,40.0,431.4693987507925,272.80160556492564,62.56715857709923,0.528254052025436,0.8595029391449335,1.3561293328035573
1.6325716996652764,248.00452288307,94.13355603739475,0.20746517665183922,20.0,334.4150719527232,297.35379248269055,237.2411185521019,0.1,0.2,0.3
0.9326041664456135,327.5267841839642,83.49486622158626,0.4936306460924207,30.0,381.4385180126535,43.84464185096148,327.90328611558516,0.1,0.2,0.3
5.523940503404123,106.20691513646234,63.47485394825445,0.557163046412928,60.0,292.16328218331853,239.82483566702052,109.16608444495819,2.10060469589482,3.984774543912051,7.035673431010246
0.7759951433535555,204.78016993835485,67.00745482453705,0.5542382817670859,30.0,495.7076263939249,242.32583470951346,200.9657723821928,0.7177656037750098,1.186064142223146,1.9001776149993392
2.899572484935738,104.34028098581695,46.49671620777101,0.6448523295447517,10.0,121.46362307915544,195.09019081265362,95.87389000588657,2.6737711794850134,4.622829163774519,8.158246076358322
11.015158152337598,199.54281086151406,70.96139136935778,0.39069698961715404,90.0,131.88328919868857,87.26398268026959,192.51474550140443,1.4556869783198176,2.5432834526150914,3.7006300463808333
10.767322917412024,223.8703310355626,77.77965373859954,0.29144350136880887,60.0,47.18691043042811,289.71874013035296,274.02482674570126,1.0932967623485366,1.7353103260509737,2.87763247101311
11.20941560363205,219.7207399644647,94.86713608383904,0.11090649002976749,60.0,277.4557315332845,65.30453067761182,204.30623693450053,0.1,0.2,0.337202515989726
5.098720981384692,224.47669307138852,56.93471877503247,0.24464087823667083,60.0,307.0662589677756,152.37473661573952,213.31725290046467,1.13449625722739,1.5911713385961521,2.844775361651789
13.405282128206585,48.62872519830867,24.59780493300817,0.31867146854142614,60.0,363.25482487651107,158.83869828165993,114.50580736567164,5.721212564710828,10.879888332417982,14.242733885720561
9.11054294641249,249.67456905121904,64.68934630482389,0.22474479953632587,60.0,168.38751704868125,52.73965672663146,258.0948351004301,1.2060985697308744,1.833437586478538,3.2564026131474035
2.327381955326085,242.91012829688037,28.926811248662645,0.11410113004762158,40.0,7.116144130648573,218.14600258830606,215.31051497880645,0.9856509440657055,1.7526379845301474,2.621587324760935
2.5839205911052447,245.73172399807794,38.35737826670825,0.21021332606563414,10.0,316.4825390070717,31.21581343317073,262.5854680776232,0.8367291081240406,1.4611202046642287,2.511660083758002
10.549883690480671,26.665398985934278,44.65849334793029,0.5662696874973007,40.0,499.349050767671,209.46384475977973,8.464621201911324,5.702010209030201,9.350041422706635,14.7015980239439
3.007687078410132,160.86198326909494,74.82724048613079,0.5407097915308171,20.0,147.98012754120626,255.34157140573788,179.04321342519688,1.3189379527018812,2.5061087086836324,3.9654778898637977
7.8557441729396285,147.2526475364627,33.78560929088754,0.7549785475786297,60.0,92.78329178204085,108.07194539930786,143.03340194904905,6.156285787731538,11.19853599344186,16.57034989952596
14.880729900966305,31.21613411155169,32.43147101317644,0.6587178039781165,30.0,141.60171195535025,214.27913853676407,22.420217121763542,11.259485074871698,15.91691340572484,27.285350667475452
0.5581102686334227,80.05245404285185,23.37231818741206,0.49742928178883383,90.0,213.28232191374656,51.24833240361569,112.23575341940351,0.9352645962202971,1.7452191160511985,2.49916561622812
0.7404071275145754,158.74654744729324,85.49299522654107,0.19628944324524794,40.0,126.20555154732978,254.55495542859921,170.07457450047815,0.1,0.2,0.3092241386178607
14.899726437992344,267.44627154890964,72.01290682670455,0.4948502732476099,40.0,174.13305265839742,285.84935107320126,286.90606029789376,2.6730394729024494,4.298813016609627,6.792499635029713
8.9772630949454,85.34234771447875,22.995984921321988,0.14311654263992654,90.0,319.46516255110197,50.044639582434186,94.04074130487767,1.717374230916757,3.1533237100486198,5.270025507621269
2.3401946450184403,298.7099676449681,22.121922922858595,0.401619428187597,30.0,173.16896543446475,209.09854482183798,289.82107716910616,3.34629216731811,6.062274659896241,9.31054853409438
13.510881896434357,196.48738286620684,61.900572235629205,0.3731810402630368,30.0,198.63341344704367,154.22017348417512,208.714471271371,2.2672443535371976,3.596649752102142,5.899014337467981
13.265514351851536,273.7518066664623,41.19008009650332,0.39946966655405924,30.0,20.975600136832707,161.7923028905517,297.93611452015153,4.499223974563659,8.952660799531886,13.810795755700838
8.274905990114942,170.12015400126856,64.75447628239465,0.29587814287635106,90.0,459.053308309812,213.414466987203,172.81491487161964,1.6197325381313006,2.8980660995971865,4.722863322843606
9.51598443298097,179.70992115200042,52.5953131760724,0.5800813133366767,60.0,204.03609399751198,149.178447304249,215.74277323893054,3.8892176768729354,6.858510247202122,11.22787329119178
4.461214276762707,223.09898017667047,89.2484421732691,0.6886611271091456,10.0,164.74361450136234,182.09628564522643,240.10872424070863,0.12689224905513113,0.2,0.33094415605292443
1.2325355973940746,334.06941893969673,41.5856761221026,0.6379618948192843,30.0,44.15561392644687,73.11580072635627,338.30906993512895,1.260794200459269,1.9764099796457772,3.3829219379524402
9.121230328917534,177.0525293086476,70.93590263291702,0.5394264670536163,30.0,317.45742448219664,116.65944596414593,182.08225992900395,1.068636892878979,1.7826833954568564,2.7994569795799897
4.773950301440063,190.31671371898474,24.05407337139494,0.47684135953310935,40.0,432.0486501816137,260.2459032710931,193.06145629833725,5.498485048348761,9.778370671438962,13.656854637378121
10.122505176575103,216.71890686991063,91.6895400641694,0.12175892600562127,10.0,21.535446826147755,37.421240936273755,191.6941311580108,0.1,0.2,0.3279640841619056
12.625555064217718,265.5054494271813,93.55681009312642,0.6060537990843449,60.0,73.49096121565171,181.28470197542376,263.7040055110092,0.23103657000130232,0.42922430505018055,0.5745420744620972
0.7633278867582789,25.866120775044354,75.43059717623093,0.4814880577049482,60.0,74.04852461421746,59.36468335929261,30.2898504818677,0.6868548341392373,1.069804309353408,1.5078651154512037
9.137849732943048,185.64747786790994,54.890935367267986,0.28951873546472084,20.0,301.5351528185487,254.72918138739473,177.32577544257936,1.707592187684296,3.110027742561364,5.27485201064296
3.8535678254593577,173.37297211417567,36.4995079495446,0.32948942719740915,10.0,460.694020856466,175.8179663867972,180.12651248826955,2.301441288183713,4.349627899171725,6.600712887860606
13.17138321960512,331.80659432552534,80.93872551859735,0.754924750528819,40.0,219.44641516568927,123.89939088772998,332.23274413262754,2.380564260939624,4.425540343138779,6.855259724383131
4.178135345146513,177.6623689570828,75.22655728602666,0.537053571582059,20.0,172.55941764873148,78.6982787272863,193.13620677905817,0.9753248472184313,1.8165502825111075,3.2583434428753666
9.356166931913565,168.59539248995915,36.64655296707118,0.4331387042602699,90.0,383.15450211274896,133.86918626094214,181.85764011127378,4.205207242515629,8.129103926856944,11.5237058940156
8.526342181299366,346.3919958724927,53.84114706179493,0.5346452177958855,60.0,371.54196181607006,287.49563614691397,349.73506162418954,3.637351539180087,5.276004325486528,6.910385818695859
6.244414250859109,162.20752689631735,54.709920336258875,0.38961962748995993,90.0,124.1313134993276,155.21674047436807,134.8632690702774,1.4073493141037337,2.559004287608576,3.469207066530308
10.325501072197014,65.11839491595252,81.98079124795319,0.4291275912421114,40.0,81.25235479163514,143.49941185145875,100.93284968957593,0.6570882410961829,1.301827770750554,1.8515257574290316
11.023659703373792,78.0898042100838,71.28835132505574,0.3032164796953693,90.0,179.54720617526283,225.15077498259117,75.25198423866094,1.0110838444256622,1.7635227248553837,2.932667772037373
8.72059803213111,34.267513801310685,68.23756576550414,0.4078973104141512,10.0,388.02609272108896,116.81888589541248,32.64978472740805,1.0994820967207874,1.6826361720204397,2.840140130660551
11.497122439178934,0.20452653322000192,68.73705669224589,0.5799145627065374,20.0,347.83663156757416,131.09006521483423,353.35410955923226,2.223902934702127,4.446143020406692,7.037108309532165
14.759547601897594,155.50043796017349,40.28525595368592,0.12795934756052846,10.0,333.2609994717464,104.39958081362762,145.73220483886274,1.522555103359981,2.2911506268798423,3.2706706730741644
6.579449624561674,276.9273292673597,47.87834448721505,0.6565191851073084,60.0,414.88485152143875,49.52132782217046,307.8084902273702,3.05949368028465,4.899273145092061,7.647133114882041
7.961454252340197,264.0479194079409,23.42467140775296,0.298085678602919,40.0,139.28802585835547,215.57371818978194,291.7688058156625,3.743141236669587,5.62682957497897,7.3569602565218934
0.680813230147592,11.573671609026071,79.02058518590928,0.5777918554027499,20.0,170.50217900928553,262.54411959566903,20.461539680579488,0.46018550315150764,0.7725169573477709,1.2676234394539694
12.042414066500486,205.19384529385184,52.474866137736036,0.5499077202760421,20.0,22.12738585397882,272.14983152661586,203.04384220523733,5.07577031595706,8.38174949172979,13.47071845065955
8.043335972166911,55.54192514885136,52.867876781568015,0.5568396343989138,40.0,434.50414212596314,264.836866721145,67.92428484912642,3.928837327188681,6.658375600575575,8.728453053745776
6.415440740228195,338.787462515291,38.401719870022006,0.5256902413790621,20.0,291.63243772616687,138.2762217192079,340.2634021506785,4.3563691124897215,8.52449969002841,14.564157305863118
1.8640434647962392,60.25139987190454,35.70704610945717,0.7713712866486745,40.0,149.76302364996297,88.7995266999429,56.44694150544256,2.5389186549822513,4.283142140771617,7.203016965071177
13.40001811429326,225.59011837109335,64.08664471767719,0.4558409138867736,40.0,35.63884919323341,193.1875061322429,232.35223680121996,2.250803511800863,3.8461185619053158,5.592686665002046
6.227604980588068,117.44581037906043,37.44147614027568,0.6126233808607461,20.0,361.98134207806737,286.63794901227936,108.62265544015153,6.288324258312989,12.149100719273674,19.653458396659097
10.397433174033695,230.9620773471668,24.81566386740983,0.5938145318642044,20.0,374.6200222549815,219.47994120973848,236.00736262723544,9.633232658439566,18.213117530601618,29.154583808490813
2.665925267338186,148.41309472706706,77.56305619856738,0.26538730409483124,30.0,333.42314740539626,150.98032566909617,152.49751323949977,0.25877259505550193,0.3995017283450133,0.5479526313565454
14.442469628344972,273.4714988303021,48.23520758047745,0.2983140874307779,40.0,102.68670450241804,208.19852948146723,285.53021925546057,2.929349500578857,4.123808085106882,5.75943264486771
3.0874055464165484,83.04448511802882,48.517668792447836,0.39681196870987756,20.0,456.6948131957938,232.8986841740471,70.66174596851664,2.4977221487611896,4.440200052713185,7.289046029574196
3.3933588970426105,326.08506704913367,52.348871113684346,0.29438855132424646,30.0,376.82585149141727,276.1844320917809,340.2877941066645,1.1837410304049663,2.2572874831710807,3.9881209511319287
12.95525147808685,180.07547375280674,81.12836175560705,0.35672016925097183,40.0,329.22040546840117,230.14864742178545,161.94924389379665,1.1234755604511317,1.9455339386978487,3.0897844724366332
13.732449790058002,272.193533176627,44.06276719548629,0.3736724297498142,20.0,325.821017787472,132.79121391259213,260.74220014420223,4.087654437001963,6.240647176252497,9.884602080865857
3.5761374090878704,305.90286890444173,76.8527158443377,0.5227051926568408,40.0,452.27449234572896,85.71392294731781,295.32436772152687,0.7201300543094448,1.328505325059578,2.156616960093752
7.312112878535005,359.57829994372975,90.46586305846574,0.2539230299145432,10.0,464.22525941546473,152.46509109522944,338.1372644962562,0.6830703664694722,1.2307039789406535,1.8710259061549162
11.135676116161033,80.62043961382497,69.56511469435995,0.6630043061136811,10.0,298.22307158710976,101.81249365861417,100.93368528153823,2.53702043782563,4.411928070221066,5.855008070959793
13.236303140256624,103.28126888284375,52.37608108827685,0.40627544974005325,20.0,208.91803607031164,283.1155548429051,83.90021935904781,3.92529215786036,7.5287170490935456,11.27991479925531
5.996264078040926,90.15591122347976,76.08422923599986,0.5943708781782728,20.0,182.5032558001487,154.84992381773884,76.17758447534632,1.4376965388394223,2.6892766642342303,4.706573293802165
7.996782559316724,94.63367957752175,54.34230273135391,0.15700973686857253,10.0,409.72034169928054,144.25661910938246,119.74183378725459,0.6593950581159146,1.187419666247703,2.021550396656058
11.254887952536157,209.68010695417587,51.08204533311056,0.4289757758870568,90.0,322.6580645773324,107.71788435568456,198.26845291710285,3.1373121629769374,5.643570302830254,9.953631448562522
11.101471661465533,357.6681083325035,59.39623726795124,0.11975367252412983,20.0,39.555749096573166,193.62506213602208,353.90525462974153,0.3612366069657537,0.6492583493946708,0.893649445562292
11.852921885378231,356.5001113533916,43.82917511069704,0.5731369942708954,60.0,71.95082049449857,158.41512719317961,336.2595313350609,5.4553655424175584,9.35649115149078,14.530433135318978
8.764040370302132,189.63836329043076,27.81876622100009,0.3405970538979487,90.0,450.19276165731833,43.06943225498568,206.29738744288446,3.168443599878117,5.317766779319399,8.46782079141372
2.0169189036692403,230.04979569528257,51.11390041446239,0.7644769698740801,60.0,442.36457590414597,261.4163041949959,246.98452057910387,3.4817309642651866,6.356806085227359,8.931075790479467
13.60761271773158,309.58939573257817,29.289266084697644,0.32688695022099357,60.0,475.96439190003696,110.90878548242054,324.3683138150471,4.364346026981564,7.7087299365934525,10.795961567480019
13.05080182015491,335.8560450432619,50.7831105166585,0.4946641286124088,10.0,214.49763269683353,132.61063683765548,346.6066416071408,4.3659886667748395,7.395933882651256,12.506645979387647
12.072412819365828,73.3898258386358,61.77002909100877,0.2801713029862303,30.0,392.24639291271285,65.67178171575583,74.86160805902533,1.136601431356732,1.6776200895911477,2.7444622531070455
1.9480059188305776,190.27502241928303,89.80333859042351,0.5340788402631382,60.0,414.28428862984646,168.2524712472773,179.78748908052336,0.5991074671025478,1.0910689211373814,1.771452701261834
3.4637618226807234,299.8213396781444,22.71667482839777,0.42692964509326425,40.0,158.53275601325836,212.10624341643197,283.521953544824,3.821443376968185,6.831208903195107,9.79249512416114
11.282205294060953,109.152747588453,66.60938048764581,0.3594397830539431,10.0,73.52351790234397,264.94376958465216,134.9508581236864,1.5744835655011886,2.527595704910023,3.926328526436513
0.8355313714382233,158.33125529296802,54.3301389987558,0.24258254435612595,40.0,498.51615445794727,20.224261166817485,173.6273407274998,0.1743648749597213,0.28138897153701614,0.36905147824100537
14.698757188755554,354.82359654432287,21.51958461531044,0.17806494078001872,60.0,16.0793826719236,292.1329133613166,340.9575120003144,3.938882824197798,6.097522290606203,8.32295345394176
5.968597865157371,354.61681081951355,38.71611319540403,0.1839153937696713,60.0,299.07062343701006,212.62623389600523,355.41344618397625,1.8904098909799265,3.737622316322051,5.827422006272612
10.930031738516941,326.19845187546537,28.88639392661012,0.7993280122538873,30.0,325.45592481667273,88.86811190139764,320.1961500157651,9.658052908150168,18.50599623595964,26.92319209036015
13.369780783076628,287.4414041381007,36.25956092985835,0.3886175088000643,20.0,341.21288164285454,65.32005272912,264.8771900239857,4.463212592883119,7.750946286014841,13.818657379686249
6.222133378176193,96.88698026021007,40.592768259568864,0.10135079551133763,20.0,128.5582442405758,92.34593600310639,100.44000779263611,0.7769586961128295,1.2749829175817924,1.9580452768894387
5.127421084695158,115.50602666418749,50.09797515366472,0.76705015343821,20.0,361.06804290512656,263.3390967416005,107.19617337940358,4.475294896955699,8.243919061279163,11.061542850377888
9.326746369024578,197.0218228337549,59.67795451166677,0.11398594696086886,30.0,108.9833820773515,90.96010109280537,177.97108950784119,0.12694540523649994,0.21791916763492017,0.3
8.924345919346734,201.87985484232436,20.074249544478956,0.3930102878881736,20.0,414.69008962008957,141.53223469438453,172.29720375948912,5.547821739632232,11.015258983843239,18.314288334248015
6.432529675559558,181.98101496854412,32.14020204715556,0.6022343101794592,30.0,110.33922036823263,213.1927260014586,150.7049449644307,5.7132921460095,8.187567962726675,11.34594988847093
9.225733960081772,229.2013007698702,27.017478920660054,0.7402194710602332,10.0,348.65630850896264,262.23700979854624,221.77277821597738,10.854176803323735,15.419133576202123,21.492825651538745
14.063029858714174,146.99628814787596,61.225504944705776,0.5990204040024708,20.0,391.92332943115395,199.27849289210073,145.29438873937764,4.439787021180193,7.730408920271214,11.687633163540983
7.2807837210856485,269.70269663359187,44.68061528009524,0.4245380284300083,20.0,95.2839294806322,227.16721297765469,252.19668043034554,3.576800078139457,5.443773593153925,7.795648702213253
3.352761620884154,120.07797353220792,61.129830202603856,0.7821094272888724,10.0,119.75525732866879,56.1314049073069,133.09276208535246,0.9944640100636275,1.7528248591584408,2.8190481333891917
5.969486751803556,119.04371890068691,36.636747663100834,0.1275235681232893,90.0,389.77276562844906,263.83530916888594,117.73278806502766,1.041992954521379,1.9473325104780812,3.004434668327728
6.21455124760022,45.80134628105808,21.817201556568865,0.7908245417766057,60.0,43.91348684584147,86.33715916734265,57.33905249303108,6.807195563848779,10.094157881585419,13.684905229715453
2.4010760488801877,67.93639561041093,90.60251759526851,0.6945740861959073,90.0,96.1897152808654,42.87155839667213,64.27817980665677,0.6765157360788914,1.1259690687764428,1.9055567502850943
2.8616367580410462,306.18751641168876,28.12310908917455,0.7502510119884515,40.0,228.3099221887677,292.99206565049747,290.44516370754667,7.41295594154586,13.441173566965979,20.335547025661377
10.42615006420832,160.66164188895894,29.514406097128763,0.27834069686827567,10.0,465.1607824436405,64.48377800897748,162.94399331173122,2.909063727435693,5.5281465786548205,8.874981379232535
5.422427436029089,82.03240315902016,30.99101198826054,0.19972065059898886,90.0,281.37703961161225,45.31233117300306,56.77891291865372,1.3197580811901637,2.2406937879921056,2.917318704397827
14.34602668190921,273.3627960080595,93.59573929949545,0.5643206955608902,30.0,194.45124625590452,189.67616553002705,284.15156642079245,0.1,0.2,0.3226400033436537
4.032152807699807,199.4332052940694,66.3245180127497,0.461101606590284,60.0,489.2067408890158,99.0646291013481,180.69022116380674,0.7002678248747572,1.226504777137982,1.7679145607099949
1.9344053240199235,7.616164112385655,65.77174637778879,0.46621757252106566,30.0,232.39194180442297,44.33801552824553,25.980814643054632,0.46771482518678786,0.7823513780673776,1.210442607600857
11.42581616350374,113.89012464121745,94.00236511388972,0.7472334249382524,30.0,217.43375187005353,182.33072957868342,107.12100971637916,0.563549716857639,1.0499806170948485,1.5212752338843674
13.275022752809116,63.720508003682774,26.63290769559911,0.5340566346572836,30.0,206.41051412697402,228.90064203055948,84.97117832988111,9.765978204467327,16.927815726612096,30.438419595076343
4.532643674636574,236.11422995382262,93.08756694067168,0.3177446845732129,20.0,156.77785623079134,238.9935203911112,213.6617661820563,0.21450586464511717,0.3362709138803525,0.4759649661096251
3.4302774738594306,99.01117462689103,35.30098599155307,0.38004658949251324,40.0,163.52171005905458,50.876217298620354,85.45578061231463,1.4380643746242265,2.6642094738657938,4.679496915324047
3.193608955630764,23.380840515579706,66.73036276715266,0.19344708456429588,60.0,344.23069290481953,169.27578504228296,30.99953945255112,0.37540123735861225,0.6421794538848442,1.1295829452068205
8.069178369814429,19.776596111160934,51.50626739770938,0.23461982819298255,10.0,21.376963073598688,245.0351193510309,43.18653797969604,1.6079333142924208,2.422396449757039,3.659030628190955
7.292041298078179,209.42182726513738,48.79638601078837,0.20034504914667695,10.0,341.2265460975131,52.52066837013465,242.75400543143581,0.8250434673187039,1.4337963393479467,2.0818745182462104
4.261877677890746,7.820444053472264,89.8432496359597,0.6672039388479482,90.0,101.40104456481053,66.2662642723491,8.64776732708972,0.32694101029997347,0.6437442454922074,0.9595122394619062
1.1550101963466826,305.56516072899194,31.192079633019233,0.5934114275804833,40.0,192.71979359904196,5.711362242344898,342.32007334472706,0.7947884113235515,1.4491454647691535,2.600737230006238
7.481624434731071,55.942962932619224,94.78017583071826,0.47124151232759637,90.0,74.12294730760567,159.76707613661,50.149671936110614,0.22577479564130218,0.3565620746198886,0.5738503302990837
14.410319040716322,218.36388067035472,48.43437958186614,0.36205748353929956,40.0,276.8227709921624,62.43110057427552,240.33923311761416,2.8767588427538606,5.254468795715551,8.262074814505738
9.961528410913617,160.08769008386844,68.65811779164159,0.5679460032270454,40.0,364.9458720311177,218.65155983943524,141.24407014468233,2.0830775418533776,3.2695230743755306,4.30909716759916
7.684845071114967,159.4265476434849,92.59300486125201,0.6690337433870327,90.0,177.97313245212598,288.8530874071937,167.83055778074998,0.5719886716374483,0.987031260671046,1.701564426444328
2.1050350734294336,25.84697124961651,24.32007877842311,0.7168632509701963,40.0,82.54487219259121,66.58286925472572,339.0131104324876,3.183124548897917,5.462106310291769,7.329615357879989
4.160326212969015,288.9908100763976,89.21482721938929,0.48291135974443355,20.0,114.0262853836566,196.48361847024213,266.55898984333516,0.3520929872212062,0.5451929382500906,0.7215553211251359
4.7742222688308695,321.49889451117093,62.585853901575746,0.6739195852737906,40.0,409.2383463442607,67.49116613026085,330.8324304727862,1.3956045108641484,2.2451490582880718,3.227242462379829
11.589651512804897,3.9660002583222465,72.82976592330891,0.4579141673888866,20.0,134.55671879486636,10.31202339901268,337.7172232143118,1.280637799942351,2.5168488311615023,3.870647477769441
13.21230656033698,64.29750325096238,31.18881379147613,0.4321710624315236,30.0,387.57659391260233,228.7734872933025,72.83649546674607,6.793873558690316,10.532943844406025,18.407841167849345
13.573806876713357,325.4055079663724,60.00405731232742,0.7058022989354702,60.0,166.26850399629933,133.03137961201338,343.53467038261965,4.972275743026804,9.350942443370421,15.850215864356972
14.776244819635934,197.81770060802094,70.51352860439329,0.3704617553852648,10.0,95.17754461713831,284.3021241468227,187.7912967536554,2.0827778993173234,3.749879875866574,5.245392239379954
14.74431690501572,54.014248169355646,54.21854805407614,0.37713887532849166,60.0,363.9269712540881,162.61433523230463,34.635189055871685,3.1172080661202846,5.360280789464376,7.965590400494536
14.31848742513573,73.00456293929719,31.623888357954254,0.31343794169944134,40.0,234.80396970812814,51.457446347826775,63.52083062220241,4.172857565782546,6.186298570168748,10.455587757919313
1.5414210372918236,237.5950479253611,38.30893063141825,0.46309120980623175,20.0,16.607348386128397,137.68346033019697,218.27880154167738,1.5380659696677992,2.3420783454111227,3.661947752658021
2.498006270953175,260.9340560088743,84.07945932451238,0.48139502358262254,10.0,480.0112672528549,64.85307946777486,258.90978484855594,0.6154922251564625,0.9277847166971716,1.287065610204698
4.914764633902477,215.7936510887767,22.58532446245721,0.56232280171732,60.0,74.7289690909816,264.01863544253945,217.83546358653834,6.752193308739388,11.830359593664697,17.722205205077326
8.517024683934691,343.1334167685093,73.16465588306093,0.4013516170766994,60.0,177.3500812500926,208.81643836181982,337.0132143065731,1.2592378046599655,2.498365478361157,4.02978332469814
1.9061793862294498,177.86289731823973,94.95425273858952,0.2524861043185196,60.0,193.01252286285796,105.66544737313755,211.35008212197616,0.20613668406971736,0.39709007335612484,0.7094462226639144
12.764055888131066,108.09788837130961,20.561224708007497,0.7067894436897131,30.0,245.22551972994825,160.70699522810642,93.7098119775701,12.787026097445008,18.09557442804109,29.5121814044679
9.442964596620982,171.80384759128674,32.0784262114955,0.3422006070666101,40.0,392.93656714475117,202.49665552284338,199.632511176393,4.298833306365074,6.724389706957676,8.796157910150637
8.364283833381972,129.47986571997995,70.56082256698508,0.7460603938881223,30.0,4.039049557888255,235.94302641040045,108.65508099373768,2.7367511684949783,4.0896763565932375,6.758207103644507
2.8970141888257217,80.78972136288708,24.49931259390112,0.24514733311851905,30.0,466.30355361670127,28.643426911809797,82.24527276171806,0.42900273542170797,0.8517449074291202,1.2141047907602978
4.172204378802862,16.546769762450424,64.23424878918942,0.4920402333653614,20.0,323.3487406413026,11.643058388597801,40.20887793341181,0.7943718639249748,1.2244178942253248,2.1195646636075582
2.824524362242742,126.79649768344471,71.30000776707921,0.47563056547061666,20.0,475.37379069531886,38.7635456651175,149.42364072851106,0.4209897313876154,0.6402360941592219,0.955197010121911
12.85303078802458,256.1073651755072,64.11097610855526,0.6800534935488968,90.0,408.87737917082643,121.52391150090608,247.7022072215025,3.592240625042411,6.36733694667417,8.91304613317878
8.971303970887664,6.637609035069771,47.38885272658004,0.19719597072558084,40.0,463.9912708235252,142.67844997421716,17.739003436496674,1.434448064859522,2.4869197519091393,3.8148692279731873
11.159376699034684,158.1042647541365,72.29617219899792,0.736956021042223,20.0,300.8992749169033,45.256180913085274,166.52784642742103,2.1576007758311833,3.3130194881410664,4.7296632657032545
4.792476512195373,231.84338452195263,64.57208210103653,0.47199972052044914,90.0,179.29718245571024,126.29017568038356,221.04460095009784,1.6125493438957852,2.906166934942289,4.12068532163564
5.8831632377800185,219.7454793027506,35.57278790704398,0.5102765687400566,10.0,222.01411749368825,135.27872197674,232.0644780457121,3.363935453486735,4.905305233272279,7.782908858938615
6.37039698418474,279.59343691993774,62.235165768883235,0.457116405308437,40.0,329.35812288167233,37.18153928485857,316.8432803609852,1.0770844307637581,1.5204354747454467,2.5599163629767334
11.520217090288506,291.7870976375271,86.14304128541956,0.12521743478538655,10.0,214.0389980234018,275.41468825774155,301.2211109387797,0.41751565332212903,0.6051675937620808,1.0393615366464333
11.699118321281237,256.21409553097965,70.01249642678374,0.44796346326461867,30.0,366.1047189504268,181.74804863837375,267.5412231123931,2.0059155735198115,3.247418716988145,4.867344622358488
3.49879614895346,37.007170612109796,55.38436305453853,0.28448476387389343,40.0,46.832160023934755,119.61798148460322,50.450270176123944,0.9690722575804244,1.9236179250314487,2.5649557610982012
14.152313422702436,171.00807984156984,44.11880771520884,0.33988172626448204,90.0,415.1633378434595,154.53761912430096,141.788547694467,4.690574541632495,8.106946062645488,12.50080948555372
2.2495023929334526,217.2261446955391,26.441465707817965,0.554371119430998,90.0,102.89013118136009,97.68825850829799,226.43063815966488,2.705782560594682,5.013370421371456,7.6047351609193585
13.49377019514264,88.40377397140257,38.34703495692715,0.4483879906318742,90.0,472.02985715283654,257.0276543351549,68.06858247463202,6.897479255634401,10.986977126963216,15.36517186452689
1.9557368619222348,15.318654352839545,20.839006481515767,0.16525274886722233,20.0,78.61735416869669,174.6294372627086,3.52091553888355,1.0471789201348203,1.9180165116709225,3.352831823794264
4.335827261694011,80.4925155153769,93.99694381437233,0.15112889233323126,10.0,65.45293385509652,150.99426524609532,123.73135113914695,0.1,0.2,0.3574148253020689
12.773938772985376,163.76198462374998,36.68616890965549,0.22996038693215926,90.0,406.126179183109,273.71119391320127,158.69675243057378,3.3578545749264714,5.4217818301950755,7.188597361174323
3.102635049018268,149.0149148596563,81.11569570140296,0.2336196026005566,90.0,409.53221202380416,252.20401097904997,134.21143277377175,0.5185490924267303,1.036805547294748,1.7603643419211221
6.496735003994562,63.600113277778185,32.648366135373394,0.5258105298799555,20.0,369.64095052074236,244.77655797062556,86.65176485580602,5.7147556052214386,10.189671954962428,16.53639349210704
7.02295984918983,296.7895953660574,41.270086220418044,0.22447012483187997,10.0,480.3047014884476,71.55471524839403,277.8360553092099,1.4682672429040022,2.7150534896103187,3.8844762490154205
4.05625510883654,333.2472007452208,51.37079894212751,0.7172035962923394,40.0,135.9992747140226,50.17131788316525,324.29881786142727,1.8842502863546877,2.923038116101901,4.728242322640466
10.798555419371805,72.48539485897749,44.330424810620386,0.24683246242938922,10.0,413.4977207561535,208.57847331526057,97.46643821870083,2.3679754746080177,4.228859566066333,5.769524431766216
12.844352416331956,334.6462496041998,79.87631095698958,0.16379201179846786,10.0,176.668224491667,143.2494656207118,335.501600910359,0.3510052691508794,0.5990269089106335,0.7995231646456886
13.181339527905791,6.429945303065097,91.82700560115674,0.7130222114517528,90.0,269.161914159101,206.69525032226883,335.1980044005345,0.8808415164238828,1.7386416169259307,3.1238948279272645
5.420171113180134,332.9864901745004,85.64708627381364,0.3067293032537131,30.0,223.35441482096303,229.38503347277933,343.86628246095273,0.5893145012858927,1.1449231765685715,1.8526974294486338
8.197330717173308,342.69436442912684,31.51834002108174,0.3977958408836151,10.0,3.919161314130011,92.11748466670153,334.7650467881967,3.313181162344172,5.4270025367078425,7.742223210567034
4.101892856051947,4.338670685733073,78.25165072619677,0.7713184688087097,40.0,287.6566345760397,88.97187777122856,35.135700416337976,1.040865176984412,2.0485494986877946,3.1240727656737053
4.049549272477108,274.6869468396293,31.096018497853358,0.7610584534104418,30.0,374.00543799421257,149.79531204616418,262.5632078869466,4.988866428934805,9.632939984697504,17.098893200229476
2.8381839113528997,349.2725661251436,88.5035829921576,0.6004418224854425,40.0,88.10163940406035,85.69704749031672,10.297085599662125,0.36620140879684776,0.6424016109572386,0.9760409395939158
14.130275656708964,326.1247987744002,58.84089317514338,0.1482572662127883,90.0,465.89627508462564,201.85210642477887,1.6387594217144397,1.080251943042556,1.5655775385766735,2.740108667168203
13.375838014780909,349.4556580306367,45.22858160425301,0.5153380877879783,20.0,265.6693701698334,225.28548153481145,332.4367935544053,6.46562619337277,9.675642425710087,16.781478721326895
11.771701343251538,198.11646205115017,31.77691230006446,0.7923545545295805,40.0,89.94475557239566,144.25148908570708,194.2522016359863,10.357478628874567,14.978204088216248,22.04908708500978
8.00609205867207,28.13621035873978,20.885681613425344,0.7628413598967864,60.0,323.32783788752573,218.52093085159976,35.90871584162879,11.248774992553725,16.477159138034622,27.154432440286715
7.613814774922142,305.924111209813,38.596024374566355,0.17420174476396003,30.0,96.76943154915665,155.57908287587898,288.7771961587295,1.6441569485427718,3.2655775488121237,5.323705355943978
8.181312159646222,220.97817209124418,88.55150474609839,0.3771771121632581,90.0,32.70314079937287,215.2971579802677,226.3840710254008,0.12170800928446351,0.2,0.3371211870619842
8.280236196867794,221.30522790778406,79.79466442041706,0.32087572213198756,30.0,342.97230596720186,71.36563309973897,216.80682215766421,0.46678249218777695,0.84698278327348,1.2560454692716305
6.80116472811651,150.21129954912703,92.73452808130396,0.19080967483343392,30.0,56.23674676944175,222.95869855024736,145.30994811725972,0.1,0.2,0.3
2.410445076934978,205.8631115475993,27.557114084102977,0.5863588178741327,90.0,54.00250673984122,215.96158691982023,206.84187940176153,4.17840876966442,7.432081020468462,10.297294075422812
2.3221258665937716,55.288720471001234,64.41340576292521,0.2916938550521657,40.0,370.23183802772485,83.6486835795074,56.71401478257252,0.286313745169801,0.4363485609972712,0.7017692864934555
14.307620879762407,266.3172095638141,39.28628555230824,0.3414060621877085,90.0,28.54591437082751,169.01144235685163,269.59482494533495,4.870217268043573,8.5112304481535,14.36312773814466
7.489446014002083,27.006230646555238,60.720627932930554,0.16325121369099257,60.0,405.0748203449294,257.31694202294847,15.029703737419553,0.6706208077333794,1.1905685507868502,1.997802979594616
14.32148011112524,262.72107613576514,44.034116417259135,0.44857729114506595,60.0,398.27823056526597,78.6091808568695,251.61764164877007,4.791484429976123,8.347931118054962,13.288577287180155
2.871864726796595,305.63223214494747,41.259916268251814,0.21071750455643956,20.0,71.55532061080524,222.11403628432953,303.2604803684509,1.3038866896288823,1.9710822233939729,2.645939527565395
8.539040004579036,170.08872392321575,63.03839765184481,0.4024632965056424,30.0,259.67194299120746,286.4201815583317,169.19357109849986,1.7472148497540885,3.2041061171443173,4.1930352503491575
3.511900173597319,183.53893178053775,33.74886214021552,0.20033955547231108,90.0,49.21611999350223,260.5413663284817,174.7619449816054,1.805770724255809,2.607435228482591,4.409357782881795
4.171176788835723,112.39713825194818,55.18500777290876,0.7676949229651021,40.0,316.6530386732076,123.44842439068147,118.87593109366854,2.101159159992685,3.6869460161233083,5.805790448654473
0.9357913920370924,349.00509014121155,68.8109198783026,0.20148777323799982,20.0,32.40207647230274,184.12628123150085,312.7098551677076,0.48987035796912476,0.8140448103552563,1.3768396160772505
2.224823005733064,263.92481084143634,29.613655488710304,0.46532100769544327,20.0,472.2959473050509,297.57218960454765,249.3154856632573,3.9123664285764486,6.0648407187049935,8.37793597917426
13.794301910623338,132.83587918812418,89.7945703157678,0.23788587772329126,60.0,104.65763694942125,172.68903635583695,127.2373226640671,0.2848807433750829,0.5368387859570899,0.8072507019280013
5.16222837649381,62.930659043881825,57.92935245905936,0.15345326243082646,20.0,341.7644333183739,38.933142716958145,45.80835530326972,0.1,0.2,0.35191692870779734
9.317873572761577,79.04865319275288,81.46459789132567,0.24161603318946873,10.0,65.01742076417791,18.40207265973447,111.6326134889307,0.3568386491512771,0.6993284793426476,0.9691287042840087
7.242704913844459,167.012022999618,69.04290729657976,0.13834187517330526,60.0,105.58862771506146,238.14278037448838,167.38925993411704,0.7661176781696366,1.4791732928499832,1.9684297571606109
6.306543056056536,339.32462411316163,73.25007059169091,0.1975781681846922,20.0,226.02387479280193,129.97035599354462,342.8600176776797,0.1713722216852884,0.2769979238009327,0.45060185523079826
8.212348324517988,264.29268447393054,73.70982057446285,0.4454389104342519,60.0,286.9749745294166,77.80980273561235,254.6280703146213,0.7858376778440362,1.244053151325582,1.9870865007872942
3.214964696922452,77.48774934449393,85.63249227961045,0.556270864740302,40.0,499.4327569554498,107.56324904497936,77.17217093703472,0.46036235054984087,0.6824835064185938,1.2121011172717986
14.834756528533859,309.4420080308033,66.02040762851931,0.16113787055024842,90.0,13.937187817381124,228.42499563120344,285.13693874474865,1.1515883286060378,2.245363110852416,3.9366474210027675
12.365464096206013,136.1521882834852,40.866286379104224,0.408713036732988,40.0,1.1568954023993934,142.2479640119796,132.75584756158372,3.749248205732829,6.660611105465964,11.154626627044168
11.253412174606972,306.6199857909067,27.463223214909288,0.5068729159973464,90.0,175.83318026275904,261.2073502951336,287.8798172189916,9.150803126459039,12.985631558751406,17.005705442761997
7.297009806702311,87.01185527320715,65.46879645876061,0.26395797334774307,90.0,183.71202753340754,221.8030486894213,81.46378357808389,1.2139921975716088,2.0717986579451253,3.1909707935481824
2.716718270831872,222.71782029707433,24.976460282793578,0.36045488806121784,20.0,442.0347808132172,292.3341743814004,171.51948897102437,3.8244769182297014,5.551149342870713,9.703691983808305
13.849654944966733,333.6013757092615,38.09700887671477,0.15028440881352606,90.0,456.3786913009537,267.10861120300376,311.041311540391,2.2363837999952154,3.900813362232118,5.916853350433478
5.45011247703505,92.8418432932059,24.553038845143377,0.2540917561631665,60.0,440.3819632033001,80.0914274768727,122.12037138349257,1.3550829686323462,2.3109273697947166,4.115930019325383
1.2265470006055397,249.45357261090777,61.16656917549253,0.426727048143258,10.0,72.44619649253784,199.4224736767532,266.0615275930586,1.1778556906637978,1.7075463786159406,2.776887036420253
5.464853313754116,355.4325431845718,32.0253593707151,0.7933095252477256,10.0,206.64031275535564,11.060195185802444,21.813329902876433,3.726467545381691,7.041221376617673,9.53894372274172
12.019626942190323,54.21538340748126,65.78054895751049,0.7973855440573935,20.0,373.1966959852166,297.3764837067315,81.96980880089974,4.931795040621655,7.680729788921428,11.940739324873952
9.529276802329019,31.824824652242786,79.31488481474507,0.7857351767870016,10.0,156.99292282433646,81.99680209676599,45.284573135532334,1.353316797764293,2.334323448322117,3.84651817821432
11.387159478800465,242.71026928013382,81.64105405788968,0.3961604704102294,30.0,331.95577622676507,201.11455261895728,233.6528955725511,0.9419432649134474,1.6798835903948186,2.2387547994064207
12.007713066004472,122.30494118965093,43.21576311032206,0.15647626489026553,90.0,119.33428873235492,255.50031825387177,101.55992226433848,1.6292330145333747,3.2216172100282057,4.743266805010344
3.5733418606678677,25.648011851972804,61.1715899520872,0.3265014060745335,30.0,162.38620972244323,52.337075504751574,48.58290396096674,0.8457146800399037,1.4345748307621704,2.3793005023275366
13.894858083351114,171.1100224380975,62.22580700647692,0.2664000627596841,10.0,430.35439502489345,255.12440612909134,172.4013819258453,1.5535261301695347,3.02998099535691,4.176936915316549
6.850849242345403,271.35744467182406,55.466538661562495,0.10988860243689821,30.0,126.00400900840856,8.612471408292615,321.23790099946217,1.022358758475444,1.6489771684272998,2.4308725885056797
9.765697914330387,102.64406414946795,69.13354185685736,0.16666352720186278,20.0,482.1977193555466,135.38325573519518,95.34210462925287,1.254909620452013,2.402477184603237,3.951967244559104
0.533477202507759,120.6168759018485,35.75653428676502,0.4172343545343463,90.0,153.82352090748662,144.25109864668585,160.0747929974581,1.8420185566937828,2.839463751091049,4.79236301558417
14.903843226962081,304.45178423291,93.44324296900957,0.3377637246630079,10.0,12.740526801815399,115.35676041132709,301.3159484189949,0.6202930475703272,1.1317171333596958,1.7646366138282539
4.572997596480249,187.2258884141357,27.355987031819932,0.22624760514413814,60.0,128.19555099748266,177.98350015864742,213.9468603593097,1.9145825643762413,2.7822085770694973,4.947959760490587
